uniprot_id,gene,description,in_hpa_muscle,in_blood_blacklist,reason
P68871,HBB,Hemoglobin subunit beta,TRUE,TRUE,Contaminant
P69905,HBA1,Hemoglobin subunit alpha,TRUE,TRUE,Contaminant
P02768,ALB,Serum albumin,TRUE,TRUE,Contaminant
P02042,HBD,Hemoglobin subunit delta,FALSE,TRUE,Contaminant
P00915,CA1,Carbonic anhydrase 1,FALSE,FALSE,Contaminant
P01857,IGHG1,Immunoglobulin heavy constant gamma 1,TRUE,TRUE,Contaminant
P02647,APOA1,Apolipoprotein A-I,FALSE,TRUE,Contaminant
P01834,IGKC,Immunoglobulin kappa constant,FALSE,TRUE,Contaminant
P01859,IGHG2,Immunoglobulin heavy constant gamma 2,TRUE,TRUE,Contaminant
P02787,TF,Serotransferrin,TRUE,TRUE,Contaminant
P00738,HP,Haptoglobin,TRUE,TRUE,Contaminant
P0DOY2,IGLC2,Immunoglobulin lambda constant 2,TRUE,TRUE,Contaminant
P02652,APOA2,Apolipoprotein A-II,FALSE,TRUE,Contaminant
P69891,HBG1,Hemoglobin subunit gamma-1,FALSE,TRUE,Contaminant
P02763,ORM1,Alpha-1-acid glycoprotein 1,TRUE,TRUE,Contaminant
P02790,HPX,Hemopexin,FALSE,TRUE,Contaminant
P01876,IGHA1,Immunoglobulin heavy constant alpha 1,TRUE,TRUE,Contaminant
P02730,SLC4A1,Band 3 anion transport protein,FALSE,FALSE,Contaminant
P01024,C3,Complement C3,TRUE,TRUE,Contaminant
P02766,TTR,Transthyretin,TRUE,TRUE,Contaminant
P01023,A2M,Alpha-2-macroglobulin,TRUE,TRUE,Contaminant
Q9NWX5,ASB6,Ankyrin repeat and SOCS box protein 6,TRUE,FALSE,Missingness
P02689,PMP2,Myelin P2 protein,FALSE,FALSE,Contaminant
P25189,MPZ,Myelin protein P0,TRUE,FALSE,Missingness
P19652,ORM2,Alpha-1-acid glycoprotein 2,FALSE,TRUE,Contaminant
P69892,HBG2,Hemoglobin subunit gamma-2,TRUE,TRUE,Contaminant
P02765,AHSG,Alpha-2-HS-glycoprotein,FALSE,FALSE,Contaminant
P01871,IGHM,Immunoglobulin heavy constant mu,TRUE,TRUE,Contaminant
P12532,CKMT1A,"Creatine kinase U-type, mitochondrial",FALSE,FALSE,Contaminant
Q9NZT1,CALML5,Calmodulin-like protein 5,TRUE,FALSE,Missingness
P02774,GC,Vitamin D-binding protein,FALSE,TRUE,Contaminant
P02656,APOC3,Apolipoprotein C-III,FALSE,TRUE,Contaminant
Q9BXM0,PRX,Periaxin,TRUE,FALSE,Missingness
A0A0B4J2D5,GATD3B,"Glutamine amidotransferase-like class 1 domain-containing protein 3B, mitochondrial",FALSE,FALSE,Contaminant
P02686,MBP,Myelin basic protein,TRUE,FALSE,Missingness
A0A087WW87,IGKV2-40,Immunoglobulin kappa variable 2-40,FALSE,FALSE,Contaminant
P02679,FGG,Fibrinogen gamma chain,FALSE,TRUE,Contaminant
P02671,FGA,Fibrinogen alpha chain,FALSE,TRUE,Contaminant
P06727,APOA4,Apolipoprotein A-IV,FALSE,FALSE,Contaminant
A0A0B4J1Y9,IGHV3-72,Immunoglobulin heavy variable 3-72,FALSE,FALSE,Contaminant
P02749,APOH,Beta-2-glycoprotein 1,FALSE,TRUE,Contaminant
P01042,KNG1,Kininogen-1,FALSE,TRUE,Contaminant
B9A064,IGLL5,Immunoglobulin lambda-like polypeptide 5,FALSE,FALSE,Contaminant
P10909,CLU,Clusterin,TRUE,TRUE,Contaminant
P0C0L5,C4B,Complement C4-B,FALSE,TRUE,Contaminant
P01860,IGHG3,Immunoglobulin heavy constant gamma 3,FALSE,TRUE,Contaminant
Q9Y2H6,FNDC3A,Fibronectin type-III domain-containing protein 3A,TRUE,FALSE,Missingness
P04004,VTN,Vitronectin,FALSE,FALSE,Contaminant
P04217,A1BG,Alpha-1B-glycoprotein,FALSE,TRUE,Contaminant
P31151,S100A7,Protein S100-A7,FALSE,FALSE,Contaminant
P10412,H1-4,Histone H1.4,FALSE,FALSE,Contaminant
P00747,PLG,Plasminogen,FALSE,TRUE,Contaminant
P68032,ACTC1,"Actin, alpha cardiac muscle 1",TRUE,FALSE,Missingness
P01008,SERPINC1,Antithrombin-III,FALSE,TRUE,Contaminant
P01861,IGHG4,Immunoglobulin heavy constant gamma 4,FALSE,TRUE,Contaminant
P04114,APOB,Apolipoprotein B-100,FALSE,TRUE,Contaminant
A0A0B4J1X5,IGHV3-74,Immunoglobulin heavy variable 3-74,FALSE,FALSE,Contaminant
P02654,APOC1,Apolipoprotein C-I,TRUE,TRUE,Contaminant
P02743,APCS,Serum amyloid P-component,FALSE,FALSE,Contaminant
Q14894,CRYM,Ketimine reductase mu-crystallin,TRUE,FALSE,Missingness
P02675,FGB,Fibrinogen beta chain,FALSE,TRUE,Contaminant
P14555,PLA2G2A,"Phospholipase A2, membrane associated",TRUE,FALSE,Missingness
P02549,SPTA1,"Spectrin alpha chain, erythrocytic 1",FALSE,FALSE,Contaminant
P00734,F2,Prothrombin,FALSE,TRUE,Contaminant
Q14624,ITIH4,Inter-alpha-trypsin inhibitor heavy chain H4,TRUE,TRUE,Contaminant
Q06828,FMOD,Fibromodulin,TRUE,FALSE,Missingness
P19823,ITIH2,Inter-alpha-trypsin inhibitor heavy chain H2,FALSE,TRUE,Contaminant
P19827,ITIH1,Inter-alpha-trypsin inhibitor heavy chain H1,FALSE,TRUE,Contaminant
P0CG38,POTEI,POTE ankyrin domain family member I,FALSE,FALSE,Contaminant
P02760,AMBP,Protein AMBP,FALSE,FALSE,Contaminant
Q9NZD4,AHSP,Alpha-hemoglobin-stabilizing protein,FALSE,FALSE,Contaminant
P08727,KRT19,"Keratin, type I cytoskeletal 19",TRUE,FALSE,Missingness
P31944,CASP14,Caspase-14,TRUE,FALSE,Missingness
A0A087WSY6,IGKV3D-15,Immunoglobulin kappa variable 3D-15,FALSE,FALSE,Contaminant
P18577,RHCE,Blood group Rh(CE) polypeptide,TRUE,FALSE,Missingness
Q6P4A7,SFXN4,Sideroflexin-4,TRUE,FALSE,Missingness
Q5VVW2,GARNL3,GTPase-activating Rap/Ran-GAP domain-like protein 3,TRUE,FALSE,Missingness
Q8IYJ1,CPNE9,Copine-9,FALSE,FALSE,Contaminant
P04003,C4BPA,C4b-binding protein alpha chain,FALSE,TRUE,Contaminant
Q16778,HIST2H2BE,Histone H2B type 2-E,TRUE,FALSE,Missingness
P04196,HRG,Histidine-rich glycoprotein,FALSE,FALSE,Contaminant
P49207,RPL34,60S ribosomal protein L34,TRUE,FALSE,Missingness
Q8IXB3,TRARG1,Trafficking regulator of GLUT4 1,TRUE,FALSE,Missingness
P02452,COL1A1,Collagen alpha-1(I) chain,TRUE,FALSE,Missingness
O15260,SURF4,Surfeit locus protein 4,TRUE,FALSE,Missingness
P06331,IGHV4-34,Immunoglobulin heavy variable 4-34,FALSE,FALSE,Contaminant
P35443,THBS4,Thrombospondin-4,TRUE,FALSE,Missingness
P30613,PKLR,Pyruvate kinase PKLR,FALSE,FALSE,Contaminant
O15273,TCAP,Telethonin,TRUE,FALSE,Missingness
P05787,KRT8,"Keratin, type II cytoskeletal 8",TRUE,FALSE,Missingness
P02655,APOC2,Apolipoprotein C-II,TRUE,TRUE,Contaminant
Q08043,ACTN3,Alpha-actinin-3,TRUE,FALSE,Missingness
P01743,IGHV1-46,Immunoglobulin heavy variable 1-46,FALSE,FALSE,Contaminant
A0A0J9YX35,IGHV3-64D,Immunoglobulin heavy variable 3-64D,FALSE,FALSE,Contaminant
P55008,AIF1,Allograft inflammatory factor 1,TRUE,FALSE,Missingness
P35527,KRT9,"Keratin, type I cytoskeletal 9",FALSE,FALSE,Contaminant
Q7Z6K5,ARPIN,Arpin,TRUE,FALSE,Missingness
P05546,SERPIND1,Heparin cofactor 2,FALSE,TRUE,Contaminant
P02745,C1QA,Complement C1q subcomponent subunit A,TRUE,TRUE,Contaminant
P30711,GSTT1,Glutathione S-transferase theta-1,FALSE,FALSE,Contaminant
P16452,EPB42,Erythrocyte membrane protein band 4.2,FALSE,FALSE,Contaminant
P50914,RPL14,60S ribosomal protein L14,TRUE,FALSE,Missingness
Q99972,MYOC,Myocilin,TRUE,FALSE,Missingness
P02775,PPBP,Platelet basic protein,TRUE,TRUE,Contaminant
O75558,STX11,Syntaxin-11,TRUE,FALSE,Missingness
P02748,C9,Complement component C9,FALSE,TRUE,Contaminant
P50454,SERPINH1,Serpin H1,TRUE,FALSE,Missingness
Q92736,RYR2,Ryanodine receptor 2,FALSE,FALSE,Contaminant
P56539,CAV3,Caveolin-3,TRUE,FALSE,Missingness
P01877,IGHA2,Immunoglobulin heavy constant alpha 2,TRUE,TRUE,Contaminant
Q92743,HTRA1,Serine protease HTRA1,TRUE,FALSE,Missingness
Q16363,LAMA4,Laminin subunit alpha-4,TRUE,FALSE,Missingness
A0A0C4DH68,IGKV2-24,Immunoglobulin kappa variable 2-24,FALSE,FALSE,Contaminant
P01768,IGHV3-30,Immunoglobulin heavy variable 3-30,FALSE,FALSE,Contaminant
P02649,APOE,Apolipoprotein E,TRUE,TRUE,Contaminant
P51911,CNN1,Calponin-1,TRUE,FALSE,Missingness
P22676,CALB2,Calretinin,FALSE,FALSE,Contaminant
P00488,F13A1,Coagulation factor XIII A chain,TRUE,TRUE,Contaminant
Q07507,DPT,Dermatopontin,TRUE,FALSE,Missingness
O75339,CILP,Cartilage intermediate layer protein 1,TRUE,FALSE,Missingness
P43652,AFM,Afamin,FALSE,FALSE,Contaminant
P43121,MCAM,Cell surface glycoprotein MUC18,TRUE,FALSE,Missingness
P18428,LBP,Lipopolysaccharide-binding protein,TRUE,FALSE,Missingness
Q7RTS7,KRT74,"Keratin, type II cytoskeletal 74",FALSE,FALSE,Contaminant
A2NJV5,IGKV2-29,Immunoglobulin kappa variable 2-29,FALSE,FALSE,Contaminant
P01602,IGKV1-5,Immunoglobulin kappa variable 1-5,FALSE,FALSE,Contaminant
Q7Z5R6,APBB1IP,Amyloid beta A4 precursor protein-binding family B member 1-interacting protein,TRUE,FALSE,Missingness
P00395,MT-CO1,Cytochrome c oxidase subunit 1,TRUE,FALSE,Missingness
P01031,C5,Complement C5,FALSE,TRUE,Contaminant
Q562R1,ACTBL2,Beta-actin-like protein 2,FALSE,FALSE,Contaminant
Q9H2S6,TNMD,Tenomodulin,TRUE,FALSE,Missingness
P04211,IGLV7-43,Immunoglobulin lambda variable 7-43,FALSE,FALSE,Contaminant
P04259,KRT6B,"Keratin, type II cytoskeletal 6B",FALSE,FALSE,Contaminant
A0A0C4DH43,IGHV2-70D,Immunoglobulin heavy variable 2-70D,FALSE,FALSE,Contaminant
Q9NPC6,MYOZ2,Myozenin-2,TRUE,FALSE,Missingness
P02746,C1QB,Complement C1q subcomponent subunit B,FALSE,TRUE,Contaminant
Q9Y2S6,TMA7,Translation machinery-associated protein 7,TRUE,FALSE,Missingness
P60201,PLP1,Myelin proteolipid protein,TRUE,FALSE,Missingness
P02776,PF4,Platelet factor 4,FALSE,TRUE,Contaminant
A0A0C4DH25,IGKV3D-20,Immunoglobulin kappa variable 3D-20,FALSE,FALSE,Contaminant
Q9BYC9,MRPL20,"39S ribosomal protein L20, mitochondrial",TRUE,FALSE,Missingness
A0A0C4DH36,IGHV3-38,Probable non-functional immunoglobulin heavy variable 3-38,FALSE,FALSE,Contaminant
P80748,IGLV3-21,Immunoglobulin lambda variable 3-21,FALSE,FALSE,Contaminant
P27169,PON1,Serum paraoxonase/arylesterase 1,FALSE,FALSE,Contaminant
O00244,ATOX1,Copper transport protein ATOX1,TRUE,FALSE,Missingness
Q08431,MFGE8,Lactadherin,TRUE,FALSE,Missingness
O95183,VAMP5,Vesicle-associated membrane protein 5,TRUE,FALSE,Missingness
A0A075B6I0,IGLV8-61,Immunoglobulin lambda variable 8-61,FALSE,FALSE,Contaminant
Q96AD5,PNPLA2,Patatin-like phospholipase domain-containing protein 2,TRUE,FALSE,Missingness
Q9UKZ9,PCOLCE2,Procollagen C-endopeptidase enhancer 2,TRUE,FALSE,Missingness
Q99715,COL12A1,Collagen alpha-1(XII) chain,TRUE,FALSE,Missingness
E9PAV3,NACA,"Nascent polypeptide-associated complex subunit alpha, muscle-specific form",FALSE,FALSE,Contaminant
Q96L96,ALPK3,Alpha-protein kinase 3,TRUE,FALSE,Missingness
A0A0B4J1U7,IGHV6-1,Immunoglobulin heavy variable 6-1,FALSE,FALSE,Contaminant
P08185,SERPINA6,Corticosteroid-binding globulin,FALSE,FALSE,Contaminant
Q9NZQ9,TMOD4,Tropomodulin-4,TRUE,FALSE,Missingness
Q8WW12,PCNP,PEST proteolytic signal-containing nuclear protein,TRUE,FALSE,Missingness
O43294,TGFB1I1,Transforming growth factor beta-1-induced transcript 1 protein,TRUE,FALSE,Missingness
P01700,IGLV1-47,Immunoglobulin lambda variable 1-47,FALSE,FALSE,Contaminant
P02747,C1QC,Complement C1q subcomponent subunit C,TRUE,TRUE,Contaminant
P13671,C6,Complement component C6,FALSE,TRUE,Contaminant
Q15063,POSTN,Periostin,TRUE,FALSE,Missingness
Q9BSE5,AGMAT,"Agmatinase, mitochondrial",TRUE,FALSE,Missingness
P04440,HLA-DPB1,"HLA class II histocompatibility antigen, DP beta 1 chain",TRUE,FALSE,Missingness
O00767,SCD,Acyl-CoA desaturase,TRUE,FALSE,Missingness
Q6PH85,DCUN1D2,DCN1-like protein 2,TRUE,FALSE,Missingness
P81605,DCD,Dermcidin,TRUE,FALSE,Missingness
Q8TDC0,MYOZ3,Myozenin-3,TRUE,FALSE,Missingness
Q06278,AOX1,Aldehyde oxidase,TRUE,FALSE,Missingness
P07205,PGK2,Phosphoglycerate kinase 2,FALSE,FALSE,Contaminant
A0A075B6K4,IGLV3-10,Immunoglobulin lambda variable 3-10,FALSE,FALSE,Contaminant
Q6NUM9,RETSAT,"All-trans-retinol 13,14-reductase",TRUE,FALSE,Missingness
P0C0L4,C4A,Complement C4-A,TRUE,TRUE,Contaminant
A0A0C4DH31,IGHV1-18,Immunoglobulin heavy variable 1-18,FALSE,FALSE,Contaminant
Q12765,SCRN1,Secernin-1,TRUE,FALSE,Missingness
P42025,ACTR1B,Beta-centractin,TRUE,FALSE,Missingness
Q969V3,NCLN,Nicalin,TRUE,FALSE,Missingness
A0A0C4DH72,IGKV1-6,Immunoglobulin kappa variable 1-6,FALSE,FALSE,Contaminant
A0A0C4DH38,IGHV5-51,Immunoglobulin heavy variable 5-51,FALSE,FALSE,Contaminant
O43866,CD5L,CD5 antigen-like,FALSE,FALSE,Contaminant
Q02221,COX6A2,"Cytochrome c oxidase subunit 6A2, mitochondrial",TRUE,FALSE,Missingness
Q71U36,TUBA1A,Tubulin alpha-1A chain,TRUE,FALSE,Missingness
P07357,C8A,Complement component C8 alpha chain,FALSE,TRUE,Contaminant
P29622,SERPINA4,Kallistatin,FALSE,FALSE,Contaminant
P07942,LAMB1,Laminin subunit beta-1,TRUE,FALSE,Missingness
Q96KN2,CNDP1,Beta-Ala-His dipeptidase,TRUE,FALSE,Missingness
Q13509,TUBB3,Tubulin beta-3 chain,FALSE,FALSE,Contaminant
A0A0J9YXX1,IGHV5-10-1,Immunoglobulin heavy variable 5-10-1,FALSE,FALSE,Contaminant
Q96B97,SH3KBP1,SH3 domain-containing kinase-binding protein 1,TRUE,FALSE,Missingness
Q8IVF2,AHNAK2,Protein AHNAK2,TRUE,FALSE,Missingness
P13533,MYH6,Myosin-6,TRUE,FALSE,Missingness
Q9P2E9,RRBP1,Ribosome-binding protein 1,TRUE,FALSE,Missingness
P14384,CPM,Carboxypeptidase M,TRUE,FALSE,Missingness
P20292,ALOX5AP,Arachidonate 5-lipoxygenase-activating protein,TRUE,FALSE,Missingness
Q5KU26,COLEC12,Collectin-12,TRUE,FALSE,Missingness
Q9UH65,SWAP70,Switch-associated protein 70,TRUE,FALSE,Missingness
P27144,AK4,"Adenylate kinase 4, mitochondrial",TRUE,FALSE,Missingness
Q13363,CTBP1,C-terminal-binding protein 1,TRUE,FALSE,Missingness
P0DJI8,SAA1,Serum amyloid A-1 protein,TRUE,TRUE,Contaminant
P82921,MRPS21,"28S ribosomal protein S21, mitochondrial",TRUE,FALSE,Missingness
A0AVT1,UBA6,Ubiquitin-like modifier-activating enzyme 6,TRUE,FALSE,Missingness
O60504,SORBS3,Vinexin,TRUE,FALSE,Missingness
P08514,ITGA2B,Integrin alpha-IIb,FALSE,FALSE,Contaminant
P07996,THBS1,Thrombospondin-1,TRUE,TRUE,Contaminant
P62910,RPL32,60S ribosomal protein L32,TRUE,FALSE,Missingness
Q96PD5,PGLYRP2,N-acetylmuramoyl-L-alanine amidase,FALSE,FALSE,Contaminant
Q13326,SGCG,Gamma-sarcoglycan,TRUE,FALSE,Missingness
A0A0B4J1V1,IGHV3-21,Immunoglobulin heavy variable 3-21,FALSE,FALSE,Contaminant
P08254,MMP3,Stromelysin-1,TRUE,FALSE,Missingness
Q14112,NID2,Nidogen-2,TRUE,FALSE,Missingness
P02462,COL4A1,Collagen alpha-1(IV) chain,TRUE,FALSE,Missingness
P80303,NUCB2,Nucleobindin-2,TRUE,FALSE,Missingness
Q10589,BST2,Bone marrow stromal antigen 2,TRUE,FALSE,Missingness
Q8IUL8,CILP2,Cartilage intermediate layer protein 2,FALSE,FALSE,Contaminant
Q14019,COTL1,Coactosin-like protein,TRUE,FALSE,Missingness
O95260,ATE1,Arginyl-tRNA--protein transferase 1,TRUE,FALSE,Missingness
Q9UBF2,COPG2,Coatomer subunit gamma-2,TRUE,FALSE,Missingness
P06310,IGKV2-30,Immunoglobulin kappa variable 2-30,FALSE,FALSE,Contaminant
Q9P289,STK26,Serine/threonine-protein kinase 26,FALSE,FALSE,Contaminant
P55056,APOC4,Apolipoprotein C-IV,FALSE,FALSE,Contaminant
P01782,IGHV3-9,Immunoglobulin heavy variable 3-9,FALSE,FALSE,Contaminant
Q5JWF2,GNAS,Guanine nucleotide-binding protein G(s) subunit alpha isoforms XLas,FALSE,FALSE,Contaminant
A0A0B4J2D9,IGKV1D-13,Immunoglobulin kappa variable 1D-13,FALSE,FALSE,Contaminant
A0A0B4J2H0,IGHV1-69D,Immunoglobulin heavy variable 1-69D,FALSE,FALSE,Contaminant
P62314,SNRPD1,Small nuclear ribonucleoprotein Sm D1,TRUE,FALSE,Missingness
P02533,KRT14,"Keratin, type I cytoskeletal 14",TRUE,FALSE,Missingness
P11498,PC,"Pyruvate carboxylase, mitochondrial",TRUE,FALSE,Missingness
P29508,SERPINB3,Serpin B3,FALSE,FALSE,Contaminant
Q99707,MTR,Methionine synthase,TRUE,FALSE,Missingness
P24592,IGFBP6,Insulin-like growth factor-binding protein 6,TRUE,FALSE,Missingness
A0A0C4DH35,IGHV3-35,Probable non-functional immunoglobulin heavy variable 3-35,FALSE,FALSE,Contaminant
Q9UNN8,PROCR,Endothelial protein C receptor,TRUE,FALSE,Missingness
P15559,NQO1,NAD(P)H dehydrogenase [quinone] 1,TRUE,FALSE,Missingness
Q9Y2D5,AKAP2,A-kinase anchor protein 2,FALSE,FALSE,Contaminant
P06276,BCHE,Cholinesterase,TRUE,FALSE,Missingness
O60938,KERA,Keratocan,FALSE,FALSE,Contaminant
Q9P2X0,DPM3,Dolichol-phosphate mannosyltransferase subunit 3,TRUE,FALSE,Missingness
Q86VD7,SLC25A42,Mitochondrial coenzyme A transporter SLC25A42,TRUE,FALSE,Missingness
Q9NP58,ABCB6,"ATP-binding cassette sub-family B member 6, mitochondrial",TRUE,FALSE,Missingness
P10619,CTSA,Lysosomal protective protein,TRUE,FALSE,Missingness
P82909,MRPS36,"28S ribosomal protein S36, mitochondrial",TRUE,FALSE,Missingness
Q7Z794,KRT77,"Keratin, type II cytoskeletal 1b",FALSE,FALSE,Contaminant
O60613,SELENOF,Selenoprotein F,TRUE,FALSE,Missingness
O14879,IFIT3,Interferon-induced protein with tetratricopeptide repeats 3,TRUE,FALSE,Missingness
Q9NRG4,SMYD2,N-lysine methyltransferase SMYD2,TRUE,FALSE,Missingness
P07225,PROS1,Vitamin K-dependent protein S,TRUE,TRUE,Contaminant
Q9C005,DPY30,Protein dpy-30 homolog,TRUE,FALSE,Missingness
Q96HR9,REEP6,Receptor expression-enhancing protein 6,TRUE,FALSE,Missingness
Q9P121,NTM,Neurotrimin,FALSE,FALSE,Contaminant
P13646,KRT13,"Keratin, type I cytoskeletal 13",TRUE,FALSE,Missingness
P82675,MRPS5,"28S ribosomal protein S5, mitochondrial",TRUE,FALSE,Missingness
Q9Y6W5,WASF2,Wiskott-Aldrich syndrome protein family member 2,TRUE,FALSE,Missingness
O60879,DIAPH2,Protein diaphanous homolog 2,TRUE,FALSE,Missingness
Q15306,IRF4,Interferon regulatory factor 4,FALSE,FALSE,Contaminant
Q16654,PDK4,"[Pyruvate dehydrogenase (acetyl-transferring)] kinase isozyme 4, mitochondrial",TRUE,FALSE,Missingness
Q9UBX3,SLC25A10,Mitochondrial dicarboxylate carrier,TRUE,FALSE,Missingness
Q16643,DBN1,Drebrin,TRUE,FALSE,Missingness
A0A0C4DH34,IGHV4-28,Immunoglobulin heavy variable 4-28,FALSE,FALSE,Contaminant
P46821,MAP1B,Microtubule-associated protein 1B,TRUE,FALSE,Missingness
Q13061,TRDN,Triadin,TRUE,FALSE,Missingness
P04180,LCAT,Phosphatidylcholine-sterol acyltransferase,TRUE,FALSE,Missingness
Q53TN4,CYBRD1,Cytochrome b reductase 1,TRUE,FALSE,Missingness
Q7Z7G0,ABI3BP,Target of Nesh-SH3,TRUE,FALSE,Missingness
P43007,SLC1A4,Neutral amino acid transporter A,TRUE,FALSE,Missingness
O75781,PALM,Paralemmin-1,TRUE,FALSE,Missingness
O00391,QSOX1,Sulfhydryl oxidase 1,TRUE,FALSE,Missingness
P61289,PSME3,Proteasome activator complex subunit 3,TRUE,FALSE,Missingness
P00736,C1R,Complement C1r subcomponent,FALSE,FALSE,Contaminant
P22897,MRC1,Macrophage mannose receptor 1,TRUE,FALSE,Missingness
P08519,LPA,Apolipoprotein(a),FALSE,FALSE,Contaminant
Q9UGM5,FETUB,Fetuin-B,FALSE,FALSE,Contaminant
P35612,ADD2,Beta-adducin,FALSE,FALSE,Contaminant
Q15758,SLC1A5,Neutral amino acid transporter B(0),TRUE,FALSE,Missingness
P09496,CLTA,Clathrin light chain A,TRUE,FALSE,Missingness
Q99961,SH3GL1,Endophilin-A2,TRUE,FALSE,Missingness
O14639,ABLIM1,Actin-binding LIM protein 1,TRUE,FALSE,Missingness
Q9P000,COMMD9,COMM domain-containing protein 9,TRUE,FALSE,Missingness
O14974,PPP1R12A,Protein phosphatase 1 regulatory subunit 12A,TRUE,FALSE,Missingness
P15144,ANPEP,Aminopeptidase N,TRUE,FALSE,Missingness
Q6P9B6,MEAK7,MTOR-associated protein MEAK7,TRUE,FALSE,Missingness
Q9GZM7,TINAGL1,Tubulointerstitial nephritis antigen-like,TRUE,FALSE,Missingness
Q96A00,PPP1R14A,Protein phosphatase 1 regulatory subunit 14A,TRUE,FALSE,Missingness
Q2UY09,COL28A1,Collagen alpha-1(XXVIII) chain,TRUE,FALSE,Missingness
Q6NUJ1,PSAPL1,Proactivator polypeptide-like 1,FALSE,FALSE,Contaminant
P15814,IGLL1,Immunoglobulin lambda-like polypeptide 1,FALSE,FALSE,Contaminant
Q16799,RTN1,Reticulon-1,FALSE,FALSE,Contaminant
Q9UM00,TMCO1,Calcium load-activated calcium channel,TRUE,FALSE,Missingness
P54709,ATP1B3,Sodium/potassium-transporting ATPase subunit beta-3,TRUE,FALSE,Missingness
P23946,CMA1,Chymase,FALSE,FALSE,Contaminant
A0A0C4DH67,IGKV1-8,Immunoglobulin kappa variable 1-8,FALSE,FALSE,Contaminant
P53007,SLC25A1,"Tricarboxylate transport protein, mitochondrial",TRUE,FALSE,Missingness
P16104,H2AX,Histone H2AX,TRUE,FALSE,Missingness
Q8N474,SFRP1,Secreted frizzled-related protein 1,TRUE,FALSE,Missingness
P29373,CRABP2,Cellular retinoic acid-binding protein 2,TRUE,FALSE,Missingness
Q8NHG7,SVIP,Small VCP/p97-interacting protein,TRUE,FALSE,Missingness
Q6UWY5,OLFML1,Olfactomedin-like protein 1,TRUE,FALSE,Missingness
P18077,RPL35A,60S ribosomal protein L35a,TRUE,FALSE,Missingness
A5YM72,CARNS1,Carnosine synthase 1,TRUE,FALSE,Missingness
Q96R05,RBP7,Retinoid-binding protein 7,TRUE,FALSE,Missingness
O75431,MTX2,Metaxin-2,TRUE,FALSE,Missingness
Q99969,RARRES2,Retinoic acid receptor responder protein 2,TRUE,FALSE,Missingness
Q96E11,MRRF,"Ribosome-recycling factor, mitochondrial",TRUE,FALSE,Missingness
Q07866,KLC1,Kinesin light chain 1,TRUE,FALSE,Missingness
P08493,MGP,Matrix Gla protein,TRUE,FALSE,Missingness
P01593,IGKV1D-33,Immunoglobulin kappa variable 1D-33,FALSE,FALSE,Contaminant
Q8WY91,THAP4,THAP domain-containing protein 4,TRUE,FALSE,Missingness
P0CG29,GSTT2,Glutathione S-transferase theta-2,FALSE,FALSE,Contaminant
Q9HAV7,GRPEL1,"GrpE protein homolog 1, mitochondrial",TRUE,FALSE,Missingness
Q6FHJ7,SFRP4,Secreted frizzled-related protein 4,TRUE,FALSE,Missingness
P01704,IGLV2-14,Immunoglobulin lambda variable 2-14,TRUE,FALSE,Missingness
Q8NI22,MCFD2,Multiple coagulation factor deficiency protein 2,TRUE,FALSE,Missingness
P24821,TNC,Tenascin,TRUE,FALSE,Missingness
P03950,ANG,Angiogenin,TRUE,FALSE,Missingness
Q8NFZ8,CADM4,Cell adhesion molecule 4,TRUE,FALSE,Missingness
Q6IB77,GLYAT,Glycine N-acyltransferase,FALSE,FALSE,Contaminant
P09105,HBQ1,Hemoglobin subunit theta-1,FALSE,FALSE,Contaminant
P0C0S5,H2AZ1,Histone H2A.Z,TRUE,FALSE,Missingness
Q15392,DHCR24,Delta(24)-sterol reductase,TRUE,FALSE,Missingness
P10643,C7,Complement component C7,TRUE,TRUE,Contaminant
P22792,CPN2,Carboxypeptidase N subunit 2,FALSE,FALSE,Contaminant
Q8N0U8,VKORC1L1,Vitamin K epoxide reductase complex subunit 1-like protein 1,TRUE,FALSE,Missingness
P08571,CD14,Monocyte differentiation antigen CD14,TRUE,FALSE,Missingness
P14207,FOLR2,Folate receptor beta,TRUE,FALSE,Missingness
P02008,HBZ,Hemoglobin subunit zeta,FALSE,FALSE,Contaminant
P20742,PZP,Pregnancy zone protein,FALSE,FALSE,Contaminant
Q9NY15,STAB1,Stabilin-1,TRUE,FALSE,Missingness
Q96IY4,CPB2,Carboxypeptidase B2,FALSE,FALSE,Contaminant
Q8IYB5,SMAP1,Stromal membrane-associated protein 1,TRUE,FALSE,Missingness
Q96F85,CNRIP1,CB1 cannabinoid receptor-interacting protein 1,TRUE,FALSE,Missingness
Q9H1E1,RNASE7,Ribonuclease 7,FALSE,FALSE,Contaminant
P28062,PSMB8,Proteasome subunit beta type-8,TRUE,FALSE,Missingness
Q86UU1,PHLDB1,Pleckstrin homology-like domain family B member 1,TRUE,FALSE,Missingness
P20472,PVALB,Parvalbumin alpha,TRUE,FALSE,Missingness
O15239,NDUFA1,NADH dehydrogenase [ubiquinone] 1 alpha subcomplex subunit 1,TRUE,FALSE,Missingness
P13647,KRT5,"Keratin, type II cytoskeletal 5",TRUE,FALSE,Missingness
O60437,PPL,Periplakin,TRUE,FALSE,Missingness
Q92930,RAB8B,Ras-related protein Rab-8B,TRUE,FALSE,Missingness
Q9UHY1,NRBP1,Nuclear receptor-binding protein,TRUE,FALSE,Missingness
Q13361,MFAP5,Microfibrillar-associated protein 5,TRUE,FALSE,Missingness
Q99504,EYA3,Eyes absent homolog 3,TRUE,FALSE,Missingness
Q9UHA4,LAMTOR3,Ragulator complex protein LAMTOR3,TRUE,FALSE,Missingness
Q9Y3B8,REXO2,"Oligoribonuclease, mitochondrial",TRUE,FALSE,Missingness
P09668,CTSH,Pro-cathepsin H,TRUE,FALSE,Missingness
P23229,ITGA6,Integrin alpha-6,TRUE,FALSE,Missingness
P55039,DRG2,Developmentally-regulated GTP-binding protein 2,TRUE,FALSE,Missingness
O75636,FCN3,Ficolin-3,TRUE,FALSE,Missingness
Q9H4B7,TUBB1,Tubulin beta-1 chain,FALSE,FALSE,Contaminant
Q9H5X1,CIAO2A,Cytosolic iron-sulfur assembly component 2A,TRUE,FALSE,Missingness
P01717,IGLV3-25,Immunoglobulin lambda variable 3-25,FALSE,FALSE,Contaminant
Q6FI81,CIAPIN1,Anamorsin,TRUE,FALSE,Missingness
P01111,NRAS,GTPase NRas,TRUE,FALSE,Missingness
P07360,C8G,Complement component C8 gamma chain,TRUE,TRUE,Contaminant
Q6IQ22,RAB12,Ras-related protein Rab-12,FALSE,FALSE,Contaminant
Q9UEY8,ADD3,Gamma-adducin,TRUE,FALSE,Missingness
Q14982,OPCML,Opioid-binding protein/cell adhesion molecule,FALSE,FALSE,Contaminant
P12829,MYL4,Myosin light chain 4,TRUE,FALSE,Missingness
Q96DH6,MSI2,RNA-binding protein Musashi homolog 2,TRUE,FALSE,Missingness
Q99747,NAPG,Gamma-soluble NSF attachment protein,TRUE,FALSE,Missingness
Q9BRQ8,AIFM2,Ferroptosis suppressor protein 1,TRUE,FALSE,Missingness
P07358,C8B,Complement component C8 beta chain,FALSE,TRUE,Contaminant
P01714,IGLV3-19,Immunoglobulin lambda variable 3-19,FALSE,FALSE,Contaminant
Q5T440,IBA57,"Putative transferase CAF17, mitochondrial",TRUE,FALSE,Missingness
Q4V9L6,TMEM119,Transmembrane protein 119,TRUE,FALSE,Missingness
Q9UBX5,FBLN5,Fibulin-5,TRUE,FALSE,Missingness
P61952,GNG11,Guanine nucleotide-binding protein G(I)/G(S)/G(O) subunit gamma-11,TRUE,FALSE,Missingness
P98082,DAB2,Disabled homolog 2,TRUE,FALSE,Missingness
Q5TFE4,NT5DC1,5'-nucleotidase domain-containing protein 1,TRUE,FALSE,Missingness
Q96D15,RCN3,Reticulocalbin-3,TRUE,FALSE,Missingness
P61421,ATP6V0D1,V-type proton ATPase subunit d 1,TRUE,FALSE,Missingness
P53634,CTSC,Dipeptidyl peptidase 1,TRUE,FALSE,Missingness
P34913,EPHX2,Bifunctional epoxide hydrolase 2,TRUE,FALSE,Missingness
P06756,ITGAV,Integrin alpha-V,TRUE,FALSE,Missingness
P08246,ELANE,Neutrophil elastase,TRUE,FALSE,Missingness
Q9HCU0,CD248,Endosialin,TRUE,FALSE,Missingness
Q86V81,ALYREF,THO complex subunit 4,FALSE,FALSE,Contaminant
P58005,SESN3,Sestrin-3,TRUE,FALSE,Missingness
Q709C8,VPS13C,Vacuolar protein sorting-associated protein 13C,TRUE,FALSE,Missingness
O43301,HSPA12A,Heat shock 70 kDa protein 12A,TRUE,FALSE,Missingness
O75367,MACROH2A1,Core histone macro-H2A.1,TRUE,FALSE,Missingness
P61254,RPL26,60S ribosomal protein L26,TRUE,FALSE,Missingness
Q9H0Z9,RBM38,RNA-binding protein 38,TRUE,FALSE,Missingness
P05543,SERPINA7,Thyroxine-binding globulin,FALSE,FALSE,Contaminant
Q92522,H1FX,Histone H1x,TRUE,FALSE,Missingness
Q92781,RDH5,Retinol dehydrogenase 5,TRUE,FALSE,Missingness
P36405,ARL3,ADP-ribosylation factor-like protein 3,TRUE,FALSE,Missingness
Q96S97,MYADM,Myeloid-associated differentiation marker,TRUE,FALSE,Missingness
P02461,COL3A1,Collagen alpha-1(III) chain,TRUE,FALSE,Missingness
Q86U28,ISCA2,"Iron-sulfur cluster assembly 2 homolog, mitochondrial",TRUE,FALSE,Missingness
P05107,ITGB2,Integrin beta-2,TRUE,FALSE,Missingness
Q15208,STK38,Serine/threonine-protein kinase 38,TRUE,FALSE,Missingness
Q14520,HABP2,Hyaluronan-binding protein 2,FALSE,FALSE,Contaminant
Q6UW78,UQCC3,Ubiquinol-cytochrome-c reductase complex assembly factor 3,TRUE,FALSE,Missingness
A0A0B4J2F0,PIGBOS1,Protein PIGBOS1,TRUE,FALSE,Missingness
P54868,HMGCS2,"Hydroxymethylglutaryl-CoA synthase, mitochondrial",TRUE,FALSE,Missingness
Q969L2,MAL2,Protein MAL2,FALSE,FALSE,Contaminant
Q96CB9,NSUN4,5-methylcytosine rRNA methyltransferase NSUN4,TRUE,FALSE,Missingness
Q9UKL6,PCTP,Phosphatidylcholine transfer protein,TRUE,FALSE,Missingness
Q92599,SEPTIN8,Septin-8,TRUE,FALSE,Missingness
Q9Y3D2,MSRB2,"Methionine-R-sulfoxide reductase B2, mitochondrial",TRUE,FALSE,Missingness
Q92954,PRG4,Proteoglycan 4,TRUE,FALSE,Missingness
P42773,CDKN2C,Cyclin-dependent kinase 4 inhibitor C,TRUE,FALSE,Missingness
Q8NI37,PPTC7,Protein phosphatase PTC7 homolog,TRUE,FALSE,Missingness
P50851,LRBA,Lipopolysaccharide-responsive and beige-like anchor protein,TRUE,FALSE,Missingness
Q9BZV1,UBXN6,UBX domain-containing protein 6,TRUE,FALSE,Missingness
Q9Y240,CLEC11A,C-type lectin domain family 11 member A,TRUE,FALSE,Missingness
P07196,NEFL,Neurofilament light polypeptide,FALSE,FALSE,Contaminant
P63096,GNAI1,Guanine nucleotide-binding protein G(i) subunit alpha-1,TRUE,FALSE,Missingness
P00156,MT-CYB,Cytochrome b,TRUE,FALSE,Missingness
P54105,CLNS1A,Methylosome subunit pICln,TRUE,FALSE,Missingness
Q86VB7,CD163,Scavenger receptor cysteine-rich type 1 protein M130,TRUE,FALSE,Missingness
Q02818,NUCB1,Nucleobindin-1,TRUE,FALSE,Missingness
Q8N5M1,ATPAF2,ATP synthase mitochondrial F1 complex assembly factor 2,TRUE,FALSE,Missingness
Q9BUB7,TMEM70,"Transmembrane protein 70, mitochondrial",TRUE,FALSE,Missingness
P16112,ACAN,Aggrecan core protein,FALSE,FALSE,Contaminant
P61764,STXBP1,Syntaxin-binding protein 1,TRUE,FALSE,Missingness
Q9UHB6,LIMA1,LIM domain and actin-binding protein 1,TRUE,FALSE,Missingness
Q9NVH1,DNAJC11,DnaJ homolog subfamily C member 11,TRUE,FALSE,Missingness
P30519,HMOX2,Heme oxygenase 2,TRUE,FALSE,Missingness
Q10588,BST1,ADP-ribosyl cyclase/cyclic ADP-ribose hydrolase 2,TRUE,FALSE,Missingness
P0DN76,U2AF1L5,Splicing factor U2AF 35 kDa subunit-like protein,FALSE,FALSE,Contaminant
Q96GZ6,SLC41A3,Solute carrier family 41 member 3,TRUE,FALSE,Missingness
P48509,CD151,CD151 antigen,TRUE,FALSE,Missingness
Q9UIL1,SCOC,Short coiled-coil protein,TRUE,FALSE,Missingness
Q9P0P8,MTRES1,Mitochondrial transcription rescue factor 1,TRUE,FALSE,Missingness
Q8IXS6,PALM2,Paralemmin-2,FALSE,FALSE,Contaminant
Q16270,IGFBP7,Insulin-like growth factor-binding protein 7,TRUE,FALSE,Missingness
Q9Y3E7,CHMP3,Charged multivesicular body protein 3,TRUE,FALSE,Missingness
Q9UJ68,MSRA,Mitochondrial peptide methionine sulfoxide reductase,TRUE,FALSE,Missingness
Q9NWU1,OXSM,"3-oxoacyl-[acyl-carrier-protein] synthase, mitochondrial",TRUE,FALSE,Missingness
Q96JJ7,TMX3,Protein disulfide-isomerase TMX3,TRUE,FALSE,Missingness
Q9BXD5,NPL,N-acetylneuraminate lyase,TRUE,FALSE,Missingness
O60826,CCDC22,Coiled-coil domain-containing protein 22,TRUE,FALSE,Missingness
P52597,HNRNPF,Heterogeneous nuclear ribonucleoprotein F,TRUE,FALSE,Missingness
P16401,H1-5,Histone H1.5,FALSE,FALSE,Contaminant
P05160,F13B,Coagulation factor XIII B chain,FALSE,TRUE,Contaminant
P28907,CD38,ADP-ribosyl cyclase/cyclic ADP-ribose hydrolase 1,TRUE,FALSE,Missingness
A0A0C4DH29,IGHV1-3,Immunoglobulin heavy variable 1-3,FALSE,FALSE,Contaminant
Q5HYK7,SH3D19,SH3 domain-containing protein 19,TRUE,FALSE,Missingness
Q12846,STX4,Syntaxin-4,TRUE,FALSE,Missingness
Q14139,UBE4A,Ubiquitin conjugation factor E4 A,TRUE,FALSE,Missingness
Q8WUD1,RAB2B,Ras-related protein Rab-2B,TRUE,FALSE,Missingness
Q9NZP8,C1RL,Complement C1r subcomponent-like protein,TRUE,FALSE,Missingness
Q92879,CELF1,CUGBP Elav-like family member 1,TRUE,FALSE,Missingness
O95816,BAG2,BAG family molecular chaperone regulator 2,TRUE,FALSE,Missingness
Q5T6F2,UBAP2,Ubiquitin-associated protein 2,TRUE,FALSE,Missingness
P39210,MPV17,Protein Mpv17,TRUE,FALSE,Missingness
P07686,HEXB,Beta-hexosaminidase subunit beta,TRUE,FALSE,Missingness
Q9Y6Y8,SEC23IP,SEC23-interacting protein,TRUE,FALSE,Missingness
Q14696,MESD,LRP chaperone MESD,TRUE,FALSE,Missingness
O43374,RASA4,Ras GTPase-activating protein 4,TRUE,FALSE,Missingness
P15169,CPN1,Carboxypeptidase N catalytic chain,FALSE,FALSE,Contaminant
Q96I23,PYURF,"Protein preY, mitochondrial",TRUE,FALSE,Missingness
P62304,SNRPE,Small nuclear ribonucleoprotein E,TRUE,FALSE,Missingness
Q03169,TNFAIP2,Tumor necrosis factor alpha-induced protein 2,TRUE,FALSE,Missingness
P08174,CD55,Complement decay-accelerating factor,TRUE,FALSE,Missingness
Q9UDX3,SEC14L4,SEC14-like protein 4,FALSE,FALSE,Contaminant
O95376,ARIH2,E3 ubiquitin-protein ligase ARIH2,TRUE,FALSE,Missingness
Q8N129,CNPY4,Protein canopy homolog 4,TRUE,FALSE,Missingness
Q9Y2R5,MRPS17,"28S ribosomal protein S17, mitochondrial",TRUE,FALSE,Missingness
Q15031,LARS2,"Probable leucine--tRNA ligase, mitochondrial",TRUE,FALSE,Missingness
P39059,COL15A1,Collagen alpha-1(XV) chain,TRUE,FALSE,Missingness
P27487,DPP4,Dipeptidyl peptidase 4,TRUE,FALSE,Missingness
P52815,MRPL12,"39S ribosomal protein L12, mitochondrial",TRUE,FALSE,Missingness
Q8NC42,RNF149,E3 ubiquitin-protein ligase RNF149,TRUE,FALSE,Missingness
Q12841,FSTL1,Follistatin-related protein 1,TRUE,FALSE,Missingness
Q14116,IL18,Interleukin-18,TRUE,FALSE,Missingness
Q9BWM7,SFXN3,Sideroflexin-3,TRUE,FALSE,Missingness
Q9Y3C8,UFC1,Ubiquitin-fold modifier-conjugating enzyme 1,TRUE,FALSE,Missingness
Q8NBJ7,SUMF2,Inactive C-alpha-formylglycine-generating enzyme 2,TRUE,FALSE,Missingness
P00748,F12,Coagulation factor XII,FALSE,FALSE,Contaminant
Q13336,SLC14A1,Urea transporter 1,TRUE,FALSE,Missingness
Q63ZY3,KANK2,KN motif and ankyrin repeat domain-containing protein 2,TRUE,FALSE,Missingness
Q9H8S9,MOB1A,MOB kinase activator 1A,TRUE,FALSE,Missingness
P24158,PRTN3,Myeloblastin,FALSE,FALSE,Contaminant
P05164,MPO,Myeloperoxidase,TRUE,FALSE,Missingness
P33151,CDH5,Cadherin-5,TRUE,FALSE,Missingness
P04275,VWF,von Willebrand factor,TRUE,TRUE,Contaminant
Q96C19,EFHD2,EF-hand domain-containing protein D2,TRUE,FALSE,Missingness
P16455,MGMT,Methylated-DNA--protein-cysteine methyltransferase,TRUE,FALSE,Missingness
P20339,RAB5A,Ras-related protein Rab-5A,TRUE,FALSE,Missingness
Q9HAT2,SIAE,Sialate O-acetylesterase,TRUE,FALSE,Missingness
P0DOY3,IGLC3,Immunoglobulin lambda constant 3,TRUE,FALSE,Missingness
Q9H4G0,EPB41L1,Band 4.1-like protein 1,TRUE,FALSE,Missingness
P14780,MMP9,Matrix metalloproteinase-9,FALSE,FALSE,Contaminant
P16118,PFKFB1,"6-phosphofructo-2-kinase/fructose-2,6-bisphosphatase 1",TRUE,FALSE,Missingness
Q15119,PDK2,"[Pyruvate dehydrogenase (acetyl-transferring)] kinase isozyme 2, mitochondrial",TRUE,FALSE,Missingness
P11234,RALB,Ras-related protein Ral-B,TRUE,FALSE,Missingness
P13535,MYH8,Myosin-8,TRUE,FALSE,Missingness
Q9H3Q1,CDC42EP4,Cdc42 effector protein 4,TRUE,FALSE,Missingness
P01880,IGHD,Immunoglobulin heavy constant delta,FALSE,FALSE,Contaminant
P48739,PITPNB,Phosphatidylinositol transfer protein beta isoform,TRUE,FALSE,Missingness
Q17R31,TATDN3,Putative deoxyribonuclease TATDN3,TRUE,FALSE,Missingness
Q99729,HNRNPAB,Heterogeneous nuclear ribonucleoprotein A/B,TRUE,FALSE,Missingness
O14735,CDIPT,CDP-diacylglycerol--inositol 3-phosphatidyltransferase,TRUE,FALSE,Missingness
P50135,HNMT,Histamine N-methyltransferase,TRUE,FALSE,Missingness
Q5VT66,MTARC1,Mitochondrial amidoxime-reducing component 1,TRUE,FALSE,Missingness
O14874,BCKDK,"[3-methyl-2-oxobutanoate dehydrogenase [lipoamide]] kinase, mitochondrial",TRUE,FALSE,Missingness
P47914,RPL29,60S ribosomal protein L29,TRUE,FALSE,Missingness
Q9Y624,F11R,Junctional adhesion molecule A,TRUE,FALSE,Missingness
Q9Y508,RNF114,E3 ubiquitin-protein ligase RNF114,TRUE,FALSE,Missingness
Q8WUY1,THEM6,Protein THEM6,TRUE,FALSE,Missingness
Q00341,HDLBP,Vigilin,TRUE,FALSE,Missingness
P51151,RAB9A,Ras-related protein Rab-9A,TRUE,FALSE,Missingness
O96008,TOMM40,Mitochondrial import receptor subunit TOM40 homolog,TRUE,FALSE,Missingness
Q8IZP0,ABI1,Abl interactor 1,TRUE,FALSE,Missingness
P79483,HLA-DRB3,"HLA class II histocompatibility antigen, DR beta 3 chain",FALSE,FALSE,Contaminant
Q86YJ6,THNSL2,Threonine synthase-like 2,TRUE,FALSE,Missingness
Q9UMR2,DDX19B,ATP-dependent RNA helicase DDX19B,TRUE,FALSE,Missingness
P35858,IGFALS,Insulin-like growth factor-binding protein complex acid labile subunit,FALSE,FALSE,Contaminant
Q96EL3,MRPL53,"39S ribosomal protein L53, mitochondrial",TRUE,FALSE,Missingness
Q96S52,PIGS,GPI transamidase component PIG-S,TRUE,FALSE,Missingness
Q27J81,INF2,Inverted formin-2,TRUE,FALSE,Missingness
Q8IUX7,AEBP1,Adipocyte enhancer-binding protein 1,TRUE,FALSE,Missingness
P46778,RPL21,60S ribosomal protein L21,TRUE,FALSE,Missingness
Q9P2R3,ANKFY1,Rabankyrin-5,TRUE,FALSE,Missingness
Q6YHK3,CD109,CD109 antigen,TRUE,FALSE,Missingness
P15586,GNS,N-acetylglucosamine-6-sulfatase,TRUE,FALSE,Missingness
P51178,PLCD1,"1-phosphatidylinositol 4,5-bisphosphate phosphodiesterase delta-1",TRUE,FALSE,Missingness
Q8N465,D2HGDH,"D-2-hydroxyglutarate dehydrogenase, mitochondrial",TRUE,FALSE,Missingness
Q8NBN7,RDH13,Retinol dehydrogenase 13,TRUE,FALSE,Missingness
P21246,PTN,Pleiotrophin,TRUE,FALSE,Missingness
Q9BY49,PECR,Peroxisomal trans-2-enoyl-CoA reductase,TRUE,FALSE,Missingness
Q86UX2,ITIH5,Inter-alpha-trypsin inhibitor heavy chain H5,FALSE,FALSE,Contaminant
P04350,TUBB4A,Tubulin beta-4A chain,TRUE,FALSE,Missingness
Q8N0X4,CLYBL,"Citramalyl-CoA lyase, mitochondrial",TRUE,FALSE,Missingness
O15075,DCLK1,Serine/threonine-protein kinase DCLK1,TRUE,FALSE,Missingness
Q86Y82,STX12,Syntaxin-12,TRUE,FALSE,Missingness
P21283,ATP6V1C1,V-type proton ATPase subunit C 1,TRUE,FALSE,Missingness
P10176,COX8A,"Cytochrome c oxidase subunit 8A, mitochondrial",TRUE,FALSE,Missingness
P49459,UBE2A,Ubiquitin-conjugating enzyme E2 A,TRUE,FALSE,Missingness
A0A0A0MS15,IGHV3-49,Immunoglobulin heavy variable 3-49,FALSE,FALSE,Contaminant
Q13496,MTM1,Myotubularin,TRUE,FALSE,Missingness
Q9NNW7,TXNRD2,"Thioredoxin reductase 2, mitochondrial",TRUE,FALSE,Missingness
P17900,GM2A,Ganglioside GM2 activator,TRUE,FALSE,Missingness
P13637,ATP1A3,Sodium/potassium-transporting ATPase subunit alpha-3,FALSE,FALSE,Contaminant
Q5SQH8,C6orf136,Uncharacterized protein C6orf136,TRUE,FALSE,Missingness
P62328,TMSB4X,Thymosin beta-4,TRUE,FALSE,Missingness
Q330K2,NDUFAF6,"NADH dehydrogenase (ubiquinone) complex I, assembly factor 6",TRUE,FALSE,Missingness
Q9H477,RBKS,Ribokinase,TRUE,FALSE,Missingness
Q16777,HIST2H2AC,Histone H2A type 2-C,FALSE,FALSE,Contaminant
Q9NSK7,C19orf12,Protein C19orf12,TRUE,FALSE,Missingness
Q9BPX6,MICU1,"Calcium uptake protein 1, mitochondrial",TRUE,FALSE,Missingness
O00154,ACOT7,Cytosolic acyl coenzyme A thioester hydrolase,TRUE,FALSE,Missingness
A0A075B6J9,IGLV2-18,Immunoglobulin lambda variable 2-18,FALSE,FALSE,Contaminant
Q96HY7,DHTKD1,"Probable 2-oxoglutarate dehydrogenase E1 component DHKTD1, mitochondrial",TRUE,FALSE,Missingness
Q7LBR1,CHMP1B,Charged multivesicular body protein 1b,TRUE,FALSE,Missingness
Q9P2X3,IMPACT,Protein IMPACT,TRUE,FALSE,Missingness
Q9C0C2,TNKS1BP1,182 kDa tankyrase-1-binding protein,TRUE,FALSE,Missingness
Q9Y3U8,RPL36,60S ribosomal protein L36,TRUE,FALSE,Missingness
Q05655,PRKCD,Protein kinase C delta type,TRUE,FALSE,Missingness
Q9H987,SYNPO2L,Synaptopodin 2-like protein,TRUE,FALSE,Missingness
P00533,EGFR,Epidermal growth factor receptor,TRUE,FALSE,Missingness
P46199,MTIF2,"Translation initiation factor IF-2, mitochondrial",TRUE,FALSE,Missingness
Q9H6K4,OPA3,Optic atrophy 3 protein,TRUE,FALSE,Missingness
Q9UPQ0,LIMCH1,LIM and calponin homology domains-containing protein 1,TRUE,FALSE,Missingness
P00742,F10,Coagulation factor X,TRUE,TRUE,Contaminant
Q9NZL4,HSPBP1,Hsp70-binding protein 1,TRUE,FALSE,Missingness
Q96RS6,NUDCD1,NudC domain-containing protein 1,TRUE,FALSE,Missingness
P39023,RPL3,60S ribosomal protein L3,TRUE,FALSE,Missingness
A1L4H1,SSC5D,Soluble scavenger receptor cysteine-rich domain-containing protein SSC5D,TRUE,FALSE,Missingness
Q86TP1,PRUNE1,Exopolyphosphatase PRUNE1,TRUE,FALSE,Missingness
Q6BCY4,CYB5R2,NADH-cytochrome b5 reductase 2,TRUE,FALSE,Missingness
P02538,KRT6A,"Keratin, type II cytoskeletal 6A",TRUE,FALSE,Missingness
P31994,FCGR2B,Low affinity immunoglobulin gamma Fc region receptor II-b,TRUE,FALSE,Missingness
Q9NVI7,ATAD3A,ATPase family AAA domain-containing protein 3A,TRUE,FALSE,Missingness
A1L0T0,ILVBL,Acetolactate synthase-like protein,TRUE,FALSE,Missingness
Q06033,ITIH3,Inter-alpha-trypsin inhibitor heavy chain H3,FALSE,TRUE,Contaminant
P49321,NASP,Nuclear autoantigenic sperm protein,TRUE,FALSE,Missingness
O94875,SORBS2,Sorbin and SH3 domain-containing protein 2,TRUE,FALSE,Missingness
Q6UWP2,DHRS11,Dehydrogenase/reductase SDR family member 11,TRUE,FALSE,Missingness
Q6P1A2,LPCAT3,Lysophospholipid acyltransferase 5,TRUE,FALSE,Missingness
O60237,PPP1R12B,Protein phosphatase 1 regulatory subunit 12B,TRUE,FALSE,Missingness
Q8N5X7,EIF4E3,Eukaryotic translation initiation factor 4E type 3,TRUE,FALSE,Missingness
Q02318,CYP27A1,"Sterol 26-hydroxylase, mitochondrial",TRUE,FALSE,Missingness
Q9BY32,ITPA,Inosine triphosphate pyrophosphatase,TRUE,FALSE,Missingness
A0A0A0MT89,IGKJ1,Immunoglobulin kappa joining 1,TRUE,FALSE,Missingness
Q53S33,BOLA3,BolA-like protein 3,TRUE,FALSE,Missingness
P53814,SMTN,Smoothelin,TRUE,FALSE,Missingness
Q14699,RFTN1,Raftlin,TRUE,FALSE,Missingness
Q49AH0,CDNF,Cerebral dopamine neurotrophic factor,TRUE,FALSE,Missingness
P49593,PPM1F,Protein phosphatase 1F,TRUE,FALSE,Missingness
Q9ULX7,CA14,Carbonic anhydrase 14,TRUE,FALSE,Missingness
P16144,ITGB4,Integrin beta-4,TRUE,FALSE,Missingness
Q5TGZ0,MICOS10,MICOS complex subunit MIC10,TRUE,FALSE,Missingness
Q05086,UBE3A,Ubiquitin-protein ligase E3A,TRUE,FALSE,Missingness
Q01628,IFITM3,Interferon-induced transmembrane protein 3,TRUE,FALSE,Missingness
Q9Y2T3,GDA,Guanine deaminase,TRUE,FALSE,Missingness
Q99523,SORT1,Sortilin,TRUE,FALSE,Missingness
P42785,PRCP,Lysosomal Pro-X carboxypeptidase,TRUE,FALSE,Missingness
Q5TC12,ATPAF1,ATP synthase mitochondrial F1 complex assembly factor 1,TRUE,FALSE,Missingness
Q6IPR1,ETFRF1,Electron transfer flavoprotein regulatory factor 1,TRUE,FALSE,Missingness
Q03591,CFHR1,Complement factor H-related protein 1,FALSE,FALSE,Contaminant
O60869,EDF1,Endothelial differentiation-related factor 1,TRUE,FALSE,Missingness
P49789,FHIT,Bis(5'-adenosyl)-triphosphatase,TRUE,FALSE,Missingness
O00170,AIP,AH receptor-interacting protein,TRUE,FALSE,Missingness
Q15113,PCOLCE,Procollagen C-endopeptidase enhancer 1,TRUE,FALSE,Missingness
Q9BYV7,BCO2,"Beta,beta-carotene 9',10'-oxygenase",TRUE,FALSE,Missingness
Q12906,ILF3,Interleukin enhancer-binding factor 3,TRUE,FALSE,Missingness
Q9UN86,G3BP2,Ras GTPase-activating protein-binding protein 2,TRUE,FALSE,Missingness
Q9NPA0,EMC7,ER membrane protein complex subunit 7,TRUE,FALSE,Missingness
A5D6W6,FITM1,Fat storage-inducing transmembrane protein 1,TRUE,FALSE,Missingness
Q9NRN7,AASDHPPT,L-aminoadipate-semialdehyde dehydrogenase-phosphopantetheinyl transferase,TRUE,FALSE,Missingness
Q7Z3B1,NEGR1,Neuronal growth regulator 1,TRUE,FALSE,Missingness
P32320,CDA,Cytidine deaminase,TRUE,FALSE,Missingness
A0A0B4J1V0,IGHV3-15,Immunoglobulin heavy variable 3-15,FALSE,FALSE,Contaminant
Q5RI15,COX20,"Cytochrome c oxidase assembly protein COX20, mitochondrial",TRUE,FALSE,Missingness
Q9BUK0,CHCHD7,Coiled-coil-helix-coiled-coil-helix domain-containing protein 7,TRUE,FALSE,Missingness
O43504,LAMTOR5,Ragulator complex protein LAMTOR5,TRUE,FALSE,Missingness
Q96BJ3,AIDA,"Axin interactor, dorsalization-associated protein",TRUE,FALSE,Missingness
Q13151,HNRNPA0,Heterogeneous nuclear ribonucleoprotein A0,TRUE,FALSE,Missingness
Q01844,EWSR1,RNA-binding protein EWS,TRUE,FALSE,Missingness
Q9NUP9,LIN7C,Protein lin-7 homolog C,TRUE,FALSE,Missingness
P53582,METAP1,Methionine aminopeptidase 1,TRUE,FALSE,Missingness
Q96PU8,QKI,Protein quaking,TRUE,FALSE,Missingness
Q14344,GNA13,Guanine nucleotide-binding protein subunit alpha-13,TRUE,FALSE,Missingness
Q13586,STIM1,Stromal interaction molecule 1,TRUE,FALSE,Missingness
Q14677,CLINT1,Clathrin interactor 1,TRUE,FALSE,Missingness
Q9Y617,PSAT1,Phosphoserine aminotransferase,FALSE,FALSE,Contaminant
Q15811,ITSN1,Intersectin-1,TRUE,FALSE,Missingness
P53680,AP2S1,AP-2 complex subunit sigma,TRUE,FALSE,Missingness
Q9NXJ5,PGPEP1,Pyroglutamyl-peptidase 1,TRUE,FALSE,Missingness
Q13936,CACNA1C,Voltage-dependent L-type calcium channel subunit alpha-1C,FALSE,FALSE,Contaminant
P04839,CYBB,Cytochrome b-245 heavy chain,TRUE,FALSE,Missingness
Q6QEF8,CORO6,Coronin-6,TRUE,FALSE,Missingness
Q9UEU0,VTI1B,Vesicle transport through interaction with t-SNAREs homolog 1B,TRUE,FALSE,Missingness
Q7Z7H5,TMED4,Transmembrane emp24 domain-containing protein 4,TRUE,FALSE,Missingness
P51571,SSR4,Translocon-associated protein subunit delta,TRUE,FALSE,Missingness
Q9Y6N1,COX11,"Cytochrome c oxidase assembly protein COX11, mitochondrial",TRUE,FALSE,Missingness
P20851,C4BPB,C4b-binding protein beta chain,FALSE,TRUE,Contaminant
P32455,GBP1,Guanylate-binding protein 1,TRUE,FALSE,Missingness
P62253,UBE2G1,Ubiquitin-conjugating enzyme E2 G1,TRUE,FALSE,Missingness
Q30154,HLA-DRB5,"HLA class II histocompatibility antigen, DR beta 5 chain",TRUE,FALSE,Missingness
P08648,ITGA5,Integrin alpha-5,TRUE,FALSE,Missingness
Q53H12,AGK,"Acylglycerol kinase, mitochondrial",TRUE,FALSE,Missingness
Q9Y3D9,MRPS23,"28S ribosomal protein S23, mitochondrial",TRUE,FALSE,Missingness
Q04941,PLP2,Proteolipid protein 2,TRUE,FALSE,Missingness
Q9H1C7,CYSTM1,Cysteine-rich and transmembrane domain-containing protein 1,TRUE,FALSE,Missingness
Q16222,UAP1,UDP-N-acetylhexosamine pyrophosphorylase,TRUE,FALSE,Missingness
O95278,EPM2A,Laforin,TRUE,FALSE,Missingness
O14498,ISLR,Immunoglobulin superfamily containing leucine-rich repeat protein,TRUE,FALSE,Missingness
Q15386,UBE3C,Ubiquitin-protein ligase E3C,TRUE,FALSE,Missingness
O14828,SCAMP3,Secretory carrier-associated membrane protein 3,TRUE,FALSE,Missingness
Q9Y3A6,TMED5,Transmembrane emp24 domain-containing protein 5,TRUE,FALSE,Missingness
P35221,CTNNA1,Catenin alpha-1,TRUE,FALSE,Missingness
Q687X5,STEAP4,Metalloreductase STEAP4,TRUE,FALSE,Missingness
P50583,NUDT2,Bis(5'-nucleosyl)-tetraphosphatase [asymmetrical],TRUE,FALSE,Missingness
A5D8V6,VPS37C,Vacuolar protein sorting-associated protein 37C,TRUE,FALSE,Missingness
Q9Y276,BCS1L,Mitochondrial chaperone BCS1,TRUE,FALSE,Missingness
P50453,SERPINB9,Serpin B9,TRUE,FALSE,Missingness
Q92973,TNPO1,Transportin-1,TRUE,FALSE,Missingness
Q8TC44,POC1B,POC1 centriolar protein homolog B,TRUE,FALSE,Missingness
Q6P5Q4,LMOD2,Leiomodin-2,TRUE,FALSE,Missingness
Q969Q0,RPL36AL,60S ribosomal protein L36a-like,TRUE,FALSE,Missingness
Q9UNN5,FAF1,FAS-associated factor 1,TRUE,FALSE,Missingness
Q9ULZ3,PYCARD,Apoptosis-associated speck-like protein containing a CARD,TRUE,FALSE,Missingness
Q9BVJ7,DUSP23,Dual specificity protein phosphatase 23,TRUE,FALSE,Missingness
O75410,TACC1,Transforming acidic coiled-coil-containing protein 1,TRUE,FALSE,Missingness
P80723,BASP1,Brain acid soluble protein 1,TRUE,FALSE,Missingness
Q96IV0,NGLY1,Peptide-N(4)-(N-acetyl-beta-glucosaminyl)asparagine amidase,TRUE,FALSE,Missingness
Q96A35,MRPL24,"39S ribosomal protein L24, mitochondrial",TRUE,FALSE,Missingness
Q3ZCM7,TUBB8,Tubulin beta-8 chain,FALSE,FALSE,Contaminant
Q9BRJ2,MRPL45,"39S ribosomal protein L45, mitochondrial",FALSE,FALSE,Contaminant
Q15438,CYTH1,Cytohesin-1,TRUE,FALSE,Missingness
Q06190,PPP2R3A,Serine/threonine-protein phosphatase 2A regulatory subunit B'' subunit alpha,TRUE,FALSE,Missingness
Q8IWL3,HSCB,Iron-sulfur cluster co-chaperone protein HscB,TRUE,FALSE,Missingness
P12273,PIP,Prolactin-inducible protein,TRUE,FALSE,Missingness
Q9UKK9,NUDT5,ADP-sugar pyrophosphatase,TRUE,FALSE,Missingness
Q13505,MTX1,Metaxin-1,TRUE,FALSE,Missingness
P35556,FBN2,Fibrillin-2,FALSE,FALSE,Contaminant
P26368,U2AF2,Splicing factor U2AF 65 kDa subunit,TRUE,FALSE,Missingness
Q86TX2,ACOT1,Acyl-coenzyme A thioesterase 1,TRUE,FALSE,Missingness
O75122,CLASP2,CLIP-associating protein 2,TRUE,FALSE,Missingness
P09619,PDGFRB,Platelet-derived growth factor receptor beta,TRUE,FALSE,Missingness
P02724,GYPA,Glycophorin-A,FALSE,FALSE,Contaminant
Q8NDI1,EHBP1,EH domain-binding protein 1,TRUE,FALSE,Missingness
P09455,RBP1,Retinol-binding protein 1,TRUE,FALSE,Missingness
Q6H8Q1,ABLIM2,Actin-binding LIM protein 2,TRUE,FALSE,Missingness
P48681,NES,Nestin,TRUE,FALSE,Missingness
P50148,GNAQ,Guanine nucleotide-binding protein G(q) subunit alpha,TRUE,FALSE,Missingness
Q9UBE0,SAE1,SUMO-activating enzyme subunit 1,TRUE,FALSE,Missingness
O60488,ACSL4,Long-chain-fatty-acid--CoA ligase 4,TRUE,FALSE,Missingness
Q9Y3B3,TMED7,Transmembrane emp24 domain-containing protein 7,TRUE,FALSE,Missingness
Q9HB90,RRAGC,Ras-related GTP-binding protein C,TRUE,FALSE,Missingness
P46060,RANGAP1,Ran GTPase-activating protein 1,TRUE,FALSE,Missingness
Q92747,ARPC1A,Actin-related protein 2/3 complex subunit 1A,TRUE,FALSE,Missingness
O75880,SCO1,"Protein SCO1 homolog, mitochondrial",TRUE,FALSE,Missingness
Q9Y2Z4,YARS2,"Tyrosine--tRNA ligase, mitochondrial",TRUE,FALSE,Missingness
Q9Y639,NPTN,Neuroplastin,TRUE,FALSE,Missingness
P62266,RPS23,40S ribosomal protein S23,TRUE,FALSE,Missingness
Q92882,OSTF1,Osteoclast-stimulating factor 1,TRUE,FALSE,Missingness
Q5JPE7,NOMO2,Nodal modulator 2,TRUE,FALSE,Missingness
Q12849,GRSF1,G-rich sequence factor 1,TRUE,FALSE,Missingness
O60610,DIAPH1,Protein diaphanous homolog 1,TRUE,FALSE,Missingness
Q5TA50,CPTP,Ceramide-1-phosphate transfer protein,TRUE,FALSE,Missingness
Q06136,KDSR,3-ketodihydrosphingosine reductase,TRUE,FALSE,Missingness
O43826,SLC37A4,Glucose-6-phosphate exchanger SLC37A4,FALSE,FALSE,Contaminant
Q8NHP8,PLBD2,Putative phospholipase B-like 2,TRUE,FALSE,Missingness
Q6B0K9,HBM,Hemoglobin subunit mu,FALSE,FALSE,Contaminant
P62316,SNRPD2,Small nuclear ribonucleoprotein Sm D2,TRUE,FALSE,Missingness
O94874,UFL1,E3 UFM1-protein ligase 1,TRUE,FALSE,Missingness
Q8N4H5,TOMM5,Mitochondrial import receptor subunit TOM5 homolog,TRUE,FALSE,Missingness
Q96S96,PEBP4,Phosphatidylethanolamine-binding protein 4,TRUE,FALSE,Missingness
P55058,PLTP,Phospholipid transfer protein,TRUE,FALSE,Missingness
P49023,PXN,Paxillin,TRUE,FALSE,Missingness
P00740,F9,Coagulation factor IX,FALSE,FALSE,Contaminant
P62072,TIMM10,Mitochondrial import inner membrane translocase subunit Tim10,TRUE,FALSE,Missingness
P12004,PCNA,Proliferating cell nuclear antigen,TRUE,FALSE,Missingness
Q96C11,FGGY,FGGY carbohydrate kinase domain-containing protein,TRUE,FALSE,Missingness
P35558,PCK1,"Phosphoenolpyruvate carboxykinase, cytosolic [GTP]",FALSE,FALSE,Contaminant
Q13451,FKBP5,Peptidyl-prolyl cis-trans isomerase FKBP5,TRUE,FALSE,Missingness
P60602,ROMO1,Reactive oxygen species modulator 1,TRUE,FALSE,Missingness
Q96T66,NMNAT3,Nicotinamide/nicotinic acid mononucleotide adenylyltransferase 3,TRUE,FALSE,Missingness
Q8NFU3,TSTD1,Thiosulfate:glutathione sulfurtransferase,TRUE,FALSE,Missingness
Q13153,PAK1,Serine/threonine-protein kinase PAK 1,TRUE,FALSE,Missingness
Q9UP65,PLA2G4C,Cytosolic phospholipase A2 gamma,TRUE,FALSE,Missingness
P55899,FCGRT,IgG receptor FcRn large subunit p51,TRUE,FALSE,Missingness
Q9P2B2,PTGFRN,Prostaglandin F2 receptor negative regulator,TRUE,FALSE,Missingness
Q99538,LGMN,Legumain,TRUE,FALSE,Missingness
Q5ZPR3,CD276,CD276 antigen,TRUE,FALSE,Missingness
Q96AG3,SLC25A46,Solute carrier family 25 member 46,TRUE,FALSE,Missingness
P08621,SNRNP70,U1 small nuclear ribonucleoprotein 70 kDa,TRUE,FALSE,Missingness
Q9Y646,CPQ,Carboxypeptidase Q,TRUE,FALSE,Missingness
Q9BRX2,PELO,Protein pelota homolog,TRUE,FALSE,Missingness
Q96FQ6,S100A16,Protein S100-A16,TRUE,FALSE,Missingness
Q5U5X0,LYRM7,Complex III assembly factor LYRM7,TRUE,FALSE,Missingness
Q7Z4H3,HDDC2,HD domain-containing protein 2,TRUE,FALSE,Missingness
Q9H0U3,MAGT1,Magnesium transporter protein 1,TRUE,FALSE,Missingness
Q9BXB4,OSBPL11,Oxysterol-binding protein-related protein 11,TRUE,FALSE,Missingness
Q9Y4Z0,LSM4,U6 snRNA-associated Sm-like protein LSm4,TRUE,FALSE,Missingness
Q7L0Y3,TRMT10C,tRNA methyltransferase 10 homolog C,TRUE,FALSE,Missingness
P16435,POR,NADPH--cytochrome P450 reductase,TRUE,FALSE,Missingness
Q96H20,SNF8,Vacuolar-sorting protein SNF8,TRUE,FALSE,Missingness
Q8WTS1,ABHD5,1-acylglycerol-3-phosphate O-acyltransferase ABHD5,TRUE,FALSE,Missingness
P02795,MT2A,Metallothionein-2,TRUE,FALSE,Missingness
Q6UXB8,PI16,Peptidase inhibitor 16,TRUE,FALSE,Missingness
P98179,RBM3,RNA-binding protein 3,TRUE,FALSE,Missingness
Q9UK76,JPT1,Jupiter microtubule associated homolog 1,TRUE,FALSE,Missingness
P28906,CD34,Hematopoietic progenitor cell antigen CD34,TRUE,FALSE,Missingness
Q8WZA9,IRGQ,Immunity-related GTPase family Q protein,TRUE,FALSE,Missingness
Q14554,PDIA5,Protein disulfide-isomerase A5,TRUE,FALSE,Missingness
P07998,RNASE1,Ribonuclease pancreatic,TRUE,FALSE,Missingness
Q96IJ6,GMPPA,Mannose-1-phosphate guanyltransferase alpha,TRUE,FALSE,Missingness
Q13263,TRIM28,Transcription intermediary factor 1-beta,TRUE,FALSE,Missingness
O95674,CDS2,Phosphatidate cytidylyltransferase 2,TRUE,FALSE,Missingness
Q9BVA1,TUBB2B,Tubulin beta-2B chain,TRUE,FALSE,Missingness
Q8WXH0,SYNE2,Nesprin-2,TRUE,FALSE,Missingness
Q14767,LTBP2,Latent-transforming growth factor beta-binding protein 2,TRUE,FALSE,Missingness
Q7Z422,SZRD1,SUZ domain-containing protein 1,TRUE,FALSE,Missingness
Q9BQI9,NRIP2,Nuclear receptor-interacting protein 2,TRUE,FALSE,Missingness
Q6GMV2,SMYD5,SET and MYND domain-containing protein 5,TRUE,FALSE,Missingness
A0A0B4J1X8,IGHV3-43,Immunoglobulin heavy variable 3-43,FALSE,FALSE,Contaminant
Q5QJ74,TBCEL,Tubulin-specific chaperone cofactor E-like protein,TRUE,FALSE,Missingness
Q9UQ90,SPG7,Paraplegin,TRUE,FALSE,Missingness
Q12792,TWF1,Twinfilin-1,TRUE,FALSE,Missingness
Q0VAK6,LMOD3,Leiomodin-3,TRUE,FALSE,Missingness
P17213,BPI,Bactericidal permeability-increasing protein,FALSE,FALSE,Contaminant
Q9BRK5,SDF4,45 kDa calcium-binding protein,FALSE,FALSE,Contaminant
P63146,UBE2B,Ubiquitin-conjugating enzyme E2 B,TRUE,FALSE,Missingness
Q9NR46,SH3GLB2,Endophilin-B2,TRUE,FALSE,Missingness
Q9NUQ8,ABCF3,ATP-binding cassette sub-family F member 3,TRUE,FALSE,Missingness
Q9HD15,SRA1,Steroid receptor RNA activator 1,TRUE,FALSE,Missingness
Q13790,APOF,Apolipoprotein F,FALSE,FALSE,Contaminant
Q92614,MYO18A,Unconventional myosin-XVIIIa,TRUE,FALSE,Missingness
Q92901,RPL3L,60S ribosomal protein L3-like,TRUE,FALSE,Missingness
P27694,RPA1,Replication protein A 70 kDa DNA-binding subunit,TRUE,FALSE,Missingness
P09601,HMOX1,Heme oxygenase 1,TRUE,FALSE,Missingness
Q8WX93,PALLD,Palladin,TRUE,FALSE,Missingness
Q8TAE6,PPP1R14C,Protein phosphatase 1 regulatory subunit 14C,TRUE,FALSE,Missingness
Q8N5K1,CISD2,CDGSH iron-sulfur domain-containing protein 2,TRUE,FALSE,Missingness
Q6EMK4,VASN,Vasorin,TRUE,FALSE,Missingness
P19256,CD58,Lymphocyte function-associated antigen 3,TRUE,FALSE,Missingness
Q9NRN5,OLFML3,Olfactomedin-like protein 3,TRUE,FALSE,Missingness
Q3SXM5,HSDL1,Inactive hydroxysteroid dehydrogenase-like protein 1,TRUE,FALSE,Missingness
Q9P0S9,TMEM14C,Transmembrane protein 14C,TRUE,FALSE,Missingness
A0A0B4J1V2,IGHV2-26,Immunoglobulin heavy variable 2-26,FALSE,FALSE,Contaminant
P11215,ITGAM,Integrin alpha-M,TRUE,FALSE,Missingness
P42224,STAT1,Signal transducer and activator of transcription 1-alpha/beta,TRUE,FALSE,Missingness
O00161,SNAP23,Synaptosomal-associated protein 23,TRUE,FALSE,Missingness
P25940,COL5A3,Collagen alpha-3(V) chain,TRUE,FALSE,Missingness
Q9Y279,VSIG4,V-set and immunoglobulin domain-containing protein 4,TRUE,FALSE,Missingness
Q96JY6,PDLIM2,PDZ and LIM domain protein 2,TRUE,FALSE,Missingness
P15502,ELN,Elastin,TRUE,FALSE,Missingness
P08195,SLC3A2,4F2 cell-surface antigen heavy chain,TRUE,FALSE,Missingness
Q0ZGT2,NEXN,Nexilin,TRUE,FALSE,Missingness
P78559,MAP1A,Microtubule-associated protein 1A,TRUE,FALSE,Missingness
Q8TCS8,PNPT1,"Polyribonucleotide nucleotidyltransferase 1, mitochondrial",TRUE,FALSE,Missingness
Q86UE4,MTDH,Protein LYRIC,TRUE,FALSE,Missingness
A0A0B4J1U3,IGLV1-36,Immunoglobulin lambda variable 1-36,FALSE,FALSE,Contaminant
P31749,AKT1,RAC-alpha serine/threonine-protein kinase,TRUE,FALSE,Missingness
O43747,AP1G1,AP-1 complex subunit gamma-1,TRUE,FALSE,Missingness
P43243,MATR3,Matrin-3,TRUE,FALSE,Missingness
Q8NE62,CHDH,"Choline dehydrogenase, mitochondrial",TRUE,FALSE,Missingness
P41227,NAA10,N-alpha-acetyltransferase 10,TRUE,FALSE,Missingness
P46937,YAP1,Transcriptional coactivator YAP1,TRUE,FALSE,Missingness
Q9UBV8,PEF1,Peflin,TRUE,FALSE,Missingness
Q86W34,AMZ2,Archaemetzincin-2,TRUE,FALSE,Missingness
Q9NQ50,MRPL40,"39S ribosomal protein L40, mitochondrial",TRUE,FALSE,Missingness
Q9NVT9,ARMC1,Armadillo repeat-containing protein 1,TRUE,FALSE,Missingness
O00625,PIR,Pirin,TRUE,FALSE,Missingness
P07948,LYN,Tyrosine-protein kinase Lyn,TRUE,FALSE,Missingness
P82650,MRPS22,"28S ribosomal protein S22, mitochondrial",TRUE,FALSE,Missingness
P40616,ARL1,ADP-ribosylation factor-like protein 1,TRUE,FALSE,Missingness
Q9H7C4,SYNC,Syncoilin,TRUE,FALSE,Missingness
Q9GZS3,WDR61,WD repeat-containing protein 61,TRUE,FALSE,Missingness
Q9BXJ9,NAA15,"N-alpha-acetyltransferase 15, NatA auxiliary subunit",TRUE,FALSE,Missingness
Q07812,BAX,Apoptosis regulator BAX,TRUE,FALSE,Missingness
O95302,FKBP9,Peptidyl-prolyl cis-trans isomerase FKBP9,TRUE,FALSE,Missingness
Q9Y3C4,TPRKB,EKC/KEOPS complex subunit TPRKB,TRUE,FALSE,Missingness
Q96C00,ZBTB9,Zinc finger and BTB domain-containing protein 9,TRUE,FALSE,Missingness
P05089,ARG1,Arginase-1,FALSE,FALSE,Contaminant
Q969H8,MYDGF,Myeloid-derived growth factor,TRUE,FALSE,Missingness
P46063,RECQL,ATP-dependent DNA helicase Q1,TRUE,FALSE,Missingness
Q6NYC8,PPP1R18,Phostensin,TRUE,FALSE,Missingness
Q9Y3D7,PAM16,Mitochondrial import inner membrane translocase subunit TIM16,TRUE,FALSE,Missingness
Q15772,SPEG,Striated muscle preferentially expressed protein kinase,TRUE,FALSE,Missingness
Q12981,BNIP1,Vesicle transport protein SEC20,TRUE,FALSE,Missingness
Q13203,MYBPH,Myosin-binding protein H,TRUE,FALSE,Missingness
Q9H078,CLPB,Caseinolytic peptidase B protein homolog,TRUE,FALSE,Missingness
Q96AY3,FKBP10,Peptidyl-prolyl cis-trans isomerase FKBP10,TRUE,FALSE,Missingness
Q8IVD9,NUDCD3,NudC domain-containing protein 3,TRUE,FALSE,Missingness
Q92598,HSPH1,Heat shock protein 105 kDa,TRUE,FALSE,Missingness
Q8WZ82,OVCA2,Esterase OVCA2,TRUE,FALSE,Missingness
O15335,CHAD,Chondroadherin,TRUE,FALSE,Missingness
Q4G176,ACSF3,"Malonate--CoA ligase ACSF3, mitochondrial",TRUE,FALSE,Missingness
O14907,TAX1BP3,Tax1-binding protein 3,TRUE,FALSE,Missingness
P11717,IGF2R,Cation-independent mannose-6-phosphate receptor,TRUE,FALSE,Missingness
Q99797,MIPEP,Mitochondrial intermediate peptidase,TRUE,FALSE,Missingness
Q9H8M7,MINDY3,Ubiquitin carboxyl-terminal hydrolase MINDY-3,TRUE,FALSE,Missingness
O14745,SLC9A3R1,Na(+)/H(+) exchange regulatory cofactor NHE-RF1,TRUE,FALSE,Missingness
Q15717,ELAVL1,ELAV-like protein 1,TRUE,FALSE,Missingness
Q9P2J5,LARS1,"Leucine--tRNA ligase, cytoplasmic",TRUE,FALSE,Missingness
Q9BX97,PLVAP,Plasmalemma vesicle-associated protein,TRUE,FALSE,Missingness
O60343,TBC1D4,TBC1 domain family member 4,TRUE,FALSE,Missingness
L0R6Q1,SLC35A4,SLC35A4 upstream open reading frame protein,FALSE,FALSE,Contaminant
Q8N4Q1,CHCHD4,Mitochondrial intermembrane space import and assembly protein 40,TRUE,FALSE,Missingness
O96007,MOCS2,Molybdopterin synthase catalytic subunit,FALSE,FALSE,Contaminant
P14678,SNRPB,Small nuclear ribonucleoprotein-associated proteins B and B',TRUE,FALSE,Missingness
Q7Z4H8,POGLUT3,Protein O-glucosyltransferase 3,TRUE,FALSE,Missingness
Q8IXM3,MRPL41,"39S ribosomal protein L41, mitochondrial",TRUE,FALSE,Missingness
Q68EM7,ARHGAP17,Rho GTPase-activating protein 17,TRUE,FALSE,Missingness
P0CW19,LIMS3,LIM and senescent cell antigen-like-containing domain protein 3,TRUE,FALSE,Missingness
A0A0A0MT36,IGKV6D-21,Immunoglobulin kappa variable 6D-21,FALSE,FALSE,Contaminant
Q9NRR5,UBQLN4,Ubiquilin-4,TRUE,FALSE,Missingness
Q5GLZ8,HERC4,Probable E3 ubiquitin-protein ligase HERC4,TRUE,FALSE,Missingness
Q8IUI8,CRLF3,Cytokine receptor-like factor 3,TRUE,FALSE,Missingness
Q9NR50,EIF2B3,Translation initiation factor eIF-2B subunit gamma,TRUE,FALSE,Missingness
O95870,ABHD16A,Phosphatidylserine lipase ABHD16A,TRUE,FALSE,Missingness
Q9H6R3,ACSS3,"Acyl-CoA synthetase short-chain family member 3, mitochondrial",TRUE,FALSE,Missingness
Q5T013,HYI,Putative hydroxypyruvate isomerase,TRUE,FALSE,Missingness
Q16576,RBBP7,Histone-binding protein RBBP7,TRUE,FALSE,Missingness
Q5JVF3,PCID2,PCI domain-containing protein 2,TRUE,FALSE,Missingness
P01718,IGLV3-27,Immunoglobulin lambda variable 3-27,FALSE,FALSE,Contaminant
Q06432,CACNG1,Voltage-dependent calcium channel gamma-1 subunit,TRUE,FALSE,Missingness
Q92552,MRPS27,"28S ribosomal protein S27, mitochondrial",TRUE,FALSE,Missingness
Q9HC35,EML4,Echinoderm microtubule-associated protein-like 4,TRUE,FALSE,Missingness
O15372,EIF3H,Eukaryotic translation initiation factor 3 subunit H,TRUE,FALSE,Missingness
P22087,FBL,rRNA 2'-O-methyltransferase fibrillarin,TRUE,FALSE,Missingness
Q9Y2Q5,LAMTOR2,Ragulator complex protein LAMTOR2,TRUE,FALSE,Missingness
P08779,KRT16,"Keratin, type I cytoskeletal 16",FALSE,FALSE,Contaminant
P63172,DYNLT1,Dynein light chain Tctex-type 1,TRUE,FALSE,Missingness
Q9H9J2,MRPL44,"39S ribosomal protein L44, mitochondrial",TRUE,FALSE,Missingness
P32456,GBP2,Guanylate-binding protein 2,TRUE,FALSE,Missingness
P47929,LGALS7,Galectin-7,TRUE,FALSE,Missingness
Q8N183,NDUFAF2,NADH dehydrogenase [ubiquinone] 1 alpha subcomplex assembly factor 2,TRUE,FALSE,Missingness
Q9Y5K5,UCHL5,Ubiquitin carboxyl-terminal hydrolase isozyme L5,TRUE,FALSE,Missingness
P36954,POLR2I,DNA-directed RNA polymerase II subunit RPB9,TRUE,FALSE,Missingness
P0DMM9,SULT1A3,Sulfotransferase 1A3,TRUE,FALSE,Missingness
P45877,PPIC,Peptidyl-prolyl cis-trans isomerase C,TRUE,FALSE,Missingness
Q9Y295,DRG1,Developmentally-regulated GTP-binding protein 1,TRUE,FALSE,Missingness
O75153,CLUH,Clustered mitochondria protein homolog,TRUE,FALSE,Missingness
P04233,CD74,HLA class II histocompatibility antigen gamma chain,TRUE,FALSE,Missingness
Q9Y6E0,STK24,Serine/threonine-protein kinase 24,TRUE,FALSE,Missingness
Q9Y5X1,SNX9,Sorting nexin-9,TRUE,FALSE,Missingness
Q9BVG4,PBDC1,Protein PBDC1,TRUE,FALSE,Missingness
Q9NPY3,CD93,Complement component C1q receptor,TRUE,FALSE,Missingness
Q96LJ7,DHRS1,Dehydrogenase/reductase SDR family member 1,TRUE,FALSE,Missingness
Q6UX53,METTL7B,Methyltransferase-like protein 7B,TRUE,FALSE,Missingness
Q4G0F5,VPS26B,Vacuolar protein sorting-associated protein 26B,TRUE,FALSE,Missingness
Q86WA6,BPHL,Valacyclovir hydrolase,TRUE,FALSE,Missingness
Q9UMX5,NENF,Neudesin,TRUE,FALSE,Missingness
Q7L576,CYFIP1,Cytoplasmic FMR1-interacting protein 1,TRUE,FALSE,Missingness
P0C870,JMJD7,Bifunctional peptidase and (3S)-lysyl hydroxylase JMJD7,TRUE,FALSE,Missingness
Q15276,RABEP1,Rab GTPase-binding effector protein 1,TRUE,FALSE,Missingness
Q6PI48,DARS2,"Aspartate--tRNA ligase, mitochondrial",TRUE,FALSE,Missingness
P51114,FXR1,Fragile X mental retardation syndrome-related protein 1,TRUE,FALSE,Missingness
P49840,GSK3A,Glycogen synthase kinase-3 alpha,TRUE,FALSE,Missingness
Q9H4I9,SMDT1,"Essential MCU regulator, mitochondrial",TRUE,FALSE,Missingness
O75937,DNAJC8,DnaJ homolog subfamily C member 8,TRUE,FALSE,Missingness
O75363,BCAS1,Breast carcinoma-amplified sequence 1,FALSE,FALSE,Contaminant
Q9NSK0,KLC4,Kinesin light chain 4,TRUE,FALSE,Missingness
Q96BW5,PTER,Phosphotriesterase-related protein,TRUE,FALSE,Missingness
Q9BVV7,TIMM21,Mitochondrial import inner membrane translocase subunit Tim21,TRUE,FALSE,Missingness
P01766,IGHV3-13,Immunoglobulin heavy variable 3-13,FALSE,FALSE,Contaminant
Q15036,SNX17,Sorting nexin-17,TRUE,FALSE,Missingness
Q96DA6,DNAJC19,Mitochondrial import inner membrane translocase subunit TIM14,TRUE,FALSE,Missingness
O43684,BUB3,Mitotic checkpoint protein BUB3,TRUE,FALSE,Missingness
Q14166,TTLL12,Tubulin--tyrosine ligase-like protein 12,TRUE,FALSE,Missingness
Q9BZE9,ASPSCR1,Tether containing UBX domain for GLUT4,TRUE,FALSE,Missingness
Q8TB22,SPATA20,Spermatogenesis-associated protein 20,TRUE,FALSE,Missingness
P08567,PLEK,Pleckstrin,TRUE,FALSE,Missingness
Q92667,AKAP1,"A-kinase anchor protein 1, mitochondrial",TRUE,FALSE,Missingness
Q8TD55,PLEKHO2,Pleckstrin homology domain-containing family O member 2,TRUE,FALSE,Missingness
Q6PI78,TMEM65,Transmembrane protein 65,TRUE,FALSE,Missingness
Q8IWE2,FAM114A1,Protein NOXP20,TRUE,FALSE,Missingness
Q86UT6,NLRX1,NLR family member X1,TRUE,FALSE,Missingness
Q15493,RGN,Regucalcin,TRUE,FALSE,Missingness
Q8IVP5,FUNDC1,FUN14 domain-containing protein 1,TRUE,FALSE,Missingness
Q9UDT6,CLIP2,CAP-Gly domain-containing linker protein 2,TRUE,FALSE,Missingness
Q9Y2Q9,MRPS28,"28S ribosomal protein S28, mitochondrial",TRUE,FALSE,Missingness
P05771,PRKCB,Protein kinase C beta type,FALSE,FALSE,Contaminant
Q08J23,NSUN2,RNA cytosine C(5)-methyltransferase NSUN2,TRUE,FALSE,Missingness
Q32MZ4,LRRFIP1,Leucine-rich repeat flightless-interacting protein 1,TRUE,FALSE,Missingness
P42167,TMPO,"Lamina-associated polypeptide 2, isoforms beta/gamma",FALSE,FALSE,Contaminant
Q8WUX9,CHMP7,Charged multivesicular body protein 7,TRUE,FALSE,Missingness
Q6ICL3,TANGO2,Transport and Golgi organization protein 2 homolog,TRUE,FALSE,Missingness
P04430,IGKV1-16,Immunoglobulin kappa variable 1-16,FALSE,FALSE,Contaminant
Q9Y2H1,STK38L,Serine/threonine-protein kinase 38-like,TRUE,FALSE,Missingness
Q02413,DSG1,Desmoglein-1,TRUE,FALSE,Missingness
Q9BXS5,AP1M1,AP-1 complex subunit mu-1,TRUE,FALSE,Missingness
Q86YB7,ECHDC2,"Enoyl-CoA hydratase domain-containing protein 2, mitochondrial",TRUE,FALSE,Missingness
P00326,ADH1C,Alcohol dehydrogenase 1C,TRUE,FALSE,Missingness
Q7LG56,RRM2B,Ribonucleoside-diphosphate reductase subunit M2 B,TRUE,FALSE,Missingness
Q53EU6,GPAT3,Glycerol-3-phosphate acyltransferase 3,TRUE,FALSE,Missingness
Q13636,RAB31,Ras-related protein Rab-31,TRUE,FALSE,Missingness
Q92688,ANP32B,Acidic leucine-rich nuclear phosphoprotein 32 family member B,TRUE,FALSE,Missingness
P82663,MRPS25,"28S ribosomal protein S25, mitochondrial",TRUE,FALSE,Missingness
P42566,EPS15,Epidermal growth factor receptor substrate 15,TRUE,FALSE,Missingness
Q92616,GCN1,eIF-2-alpha kinase activator GCN1,TRUE,FALSE,Missingness
Q712K3,UBE2R2,Ubiquitin-conjugating enzyme E2 R2,TRUE,FALSE,Missingness
Q9GZZ9,UBA5,Ubiquitin-like modifier-activating enzyme 5,TRUE,FALSE,Missingness
Q15813,TBCE,Tubulin-specific chaperone E,TRUE,FALSE,Missingness
O15427,SLC16A3,Monocarboxylate transporter 4,TRUE,FALSE,Missingness
Q01085,TIAL1,Nucleolysin TIAR,TRUE,FALSE,Missingness
Q86TI2,DPP9,Dipeptidyl peptidase 9,TRUE,FALSE,Missingness
P26196,DDX6,Probable ATP-dependent RNA helicase DDX6,TRUE,FALSE,Missingness
Q8TCJ2,STT3B,Dolichyl-diphosphooligosaccharide--protein glycosyltransferase subunit STT3B,TRUE,FALSE,Missingness
Q9P0P0,RNF181,E3 ubiquitin-protein ligase RNF181,TRUE,FALSE,Missingness
P19075,TSPAN8,Tetraspanin-8,TRUE,FALSE,Missingness
Q16821,PPP1R3A,Protein phosphatase 1 regulatory subunit 3A,TRUE,FALSE,Missingness
Q9HAB8,PPCS,Phosphopantothenate--cysteine ligase,TRUE,FALSE,Missingness
Q13574,DGKZ,Diacylglycerol kinase zeta,TRUE,FALSE,Missingness
Q05193,DNM1,Dynamin-1,TRUE,FALSE,Missingness
P08253,MMP2,72 kDa type IV collagenase,TRUE,FALSE,Missingness
Q9BY44,EIF2A,Eukaryotic translation initiation factor 2A,TRUE,FALSE,Missingness
Q567U6,CCDC93,Coiled-coil domain-containing protein 93,TRUE,FALSE,Missingness
Q12955,ANK3,Ankyrin-3,TRUE,FALSE,Missingness
Q4G0N4,NADK2,"NAD kinase 2, mitochondrial",TRUE,FALSE,Missingness
Q7L5D6,GET4,Golgi to ER traffic protein 4 homolog,TRUE,FALSE,Missingness
O00142,TK2,"Thymidine kinase 2, mitochondrial",TRUE,FALSE,Missingness
Q01814,ATP2B2,Plasma membrane calcium-transporting ATPase 2,TRUE,FALSE,Missingness
Q9H2J4,PDCL3,Phosducin-like protein 3,TRUE,FALSE,Missingness
Q9P0V9,SEPTIN10,Septin-10,TRUE,FALSE,Missingness
Q16666,IFI16,Gamma-interferon-inducible protein 16,TRUE,FALSE,Missingness
Q15629,TRAM1,Translocating chain-associated membrane protein 1,TRUE,FALSE,Missingness
O95721,SNAP29,Synaptosomal-associated protein 29,TRUE,FALSE,Missingness
Q14157,UBAP2L,Ubiquitin-associated protein 2-like,TRUE,FALSE,Missingness
Q96MM6,HSPA12B,Heat shock 70 kDa protein 12B,TRUE,FALSE,Missingness
Q14232,EIF2B1,Translation initiation factor eIF-2B subunit alpha,TRUE,FALSE,Missingness
Q6UVK1,CSPG4,Chondroitin sulfate proteoglycan 4,TRUE,FALSE,Missingness
P49914,MTHFS,5-formyltetrahydrofolate cyclo-ligase,TRUE,FALSE,Missingness
Q16629,SRSF7,Serine/arginine-rich splicing factor 7,TRUE,FALSE,Missingness
Q86VU5,COMTD1,Catechol O-methyltransferase domain-containing protein 1,TRUE,FALSE,Missingness
P62256,UBE2H,Ubiquitin-conjugating enzyme E2 H,TRUE,FALSE,Missingness
P41222,PTGDS,Prostaglandin-H2 D-isomerase,TRUE,FALSE,Missingness
Q6P1X6,C8orf82,UPF0598 protein C8orf82,TRUE,FALSE,Missingness
P23276,KEL,Kell blood group glycoprotein,FALSE,FALSE,Contaminant
P14317,HCLS1,Hematopoietic lineage cell-specific protein,TRUE,FALSE,Missingness
Q8TD19,NEK9,Serine/threonine-protein kinase Nek9,TRUE,FALSE,Missingness
Q9UGI8,TES,Testin,TRUE,FALSE,Missingness
O75477,ERLIN1,Erlin-1,TRUE,FALSE,Missingness
Q9BVL4,SELENOO,"Protein adenylyltransferase SelO, mitochondrial",TRUE,FALSE,Missingness
Q9ULT8,HECTD1,E3 ubiquitin-protein ligase HECTD1,TRUE,FALSE,Missingness
Q9NZJ7,MTCH1,Mitochondrial carrier homolog 1,TRUE,FALSE,Missingness
Q02127,DHODH,"Dihydroorotate dehydrogenase (quinone), mitochondrial",TRUE,FALSE,Missingness
Q9ULC3,RAB23,Ras-related protein Rab-23,TRUE,FALSE,Missingness
Q92575,UBXN4,UBX domain-containing protein 4,TRUE,FALSE,Missingness
P05106,ITGB3,Integrin beta-3,TRUE,FALSE,Missingness
P36404,ARL2,ADP-ribosylation factor-like protein 2,TRUE,FALSE,Missingness
Q8NC56,LEMD2,LEM domain-containing protein 2,TRUE,FALSE,Missingness
Q9BU89,DOHH,Deoxyhypusine hydroxylase,TRUE,FALSE,Missingness
Q9H074,PAIP1,Polyadenylate-binding protein-interacting protein 1,TRUE,FALSE,Missingness
Q8NCA5,FAM98A,Protein FAM98A,TRUE,FALSE,Missingness
Q9NP81,SARS2,"Serine--tRNA ligase, mitochondrial",TRUE,FALSE,Missingness
Q9BZE1,MRPL37,"39S ribosomal protein L37, mitochondrial",TRUE,FALSE,Missingness
P33316,DUT,"Deoxyuridine 5'-triphosphate nucleotidohydrolase, mitochondrial",TRUE,FALSE,Missingness
Q9BW91,NUDT9,"ADP-ribose pyrophosphatase, mitochondrial",TRUE,FALSE,Missingness
A3KMH1,VWA8,von Willebrand factor A domain-containing protein 8,TRUE,FALSE,Missingness
Q8N6M3,FITM2,Fat storage-inducing transmembrane protein 2,TRUE,FALSE,Missingness
P35052,GPC1,Glypican-1,TRUE,FALSE,Missingness
A0A0C4DH24,IGKV6-21,Immunoglobulin kappa variable 6-21,FALSE,FALSE,Contaminant
P50897,PPT1,Palmitoyl-protein thioesterase 1,TRUE,FALSE,Missingness
Q15111,PLCL1,Inactive phospholipase C-like protein 1,TRUE,FALSE,Missingness
Q96B96,TMEM159,Promethin,TRUE,FALSE,Missingness
P61513,RPL37A,60S ribosomal protein L37a,TRUE,FALSE,Missingness
P42574,CASP3,Caspase-3,TRUE,FALSE,Missingness
P50440,GATM,"Glycine amidinotransferase, mitochondrial",TRUE,FALSE,Missingness
Q9UGM6,WARS2,"Tryptophan--tRNA ligase, mitochondrial",TRUE,FALSE,Missingness
Q9Y6I3,EPN1,Epsin-1,TRUE,FALSE,Missingness
Q9BZV2,SLC19A3,Thiamine transporter 2,FALSE,FALSE,Contaminant
Q9BTY7,HGH1,Protein HGH1 homolog,TRUE,FALSE,Missingness
Q9Y2B9,PKIG,cAMP-dependent protein kinase inhibitor gamma,TRUE,FALSE,Missingness
P57737,CORO7,Coronin-7,TRUE,FALSE,Missingness
Q16644,MAPKAPK3,MAP kinase-activated protein kinase 3,TRUE,FALSE,Missingness
Q9HA77,CARS2,"Probable cysteine--tRNA ligase, mitochondrial",TRUE,FALSE,Missingness
Q96A57,TMEM230,Transmembrane protein 230,TRUE,FALSE,Missingness
Q8WVI0,SMIM4,Small integral membrane protein 4,TRUE,FALSE,Missingness
P36980,CFHR2,Complement factor H-related protein 2,FALSE,FALSE,Contaminant
Q9UQ13,SHOC2,Leucine-rich repeat protein SHOC-2,TRUE,FALSE,Missingness
Q9HCB6,SPON1,Spondin-1,FALSE,FALSE,Contaminant
Q9H2G2,SLK,STE20-like serine/threonine-protein kinase,TRUE,FALSE,Missingness
Q9BYD6,MRPL1,"39S ribosomal protein L1, mitochondrial",TRUE,FALSE,Missingness
Q6YP21,KYAT3,Kynurenine--oxoglutarate transaminase 3,TRUE,FALSE,Missingness
Q5SRE7,PHYHD1,Phytanoyl-CoA dioxygenase domain-containing protein 1,TRUE,FALSE,Missingness
Q9BYD1,MRPL13,"39S ribosomal protein L13, mitochondrial",TRUE,FALSE,Missingness
Q8N9N7,LRRC57,Leucine-rich repeat-containing protein 57,TRUE,FALSE,Missingness
P01721,IGLV6-57,Immunoglobulin lambda variable 6-57,FALSE,FALSE,Contaminant
Q9Y2S2,CRYL1,Lambda-crystallin homolog,TRUE,FALSE,Missingness
A8MXV4,NUDT19,Nucleoside diphosphate-linked moiety X motif 19,TRUE,FALSE,Missingness
Q96MW1,CCDC43,Coiled-coil domain-containing protein 43,TRUE,FALSE,Missingness
P55145,MANF,Mesencephalic astrocyte-derived neurotrophic factor,TRUE,FALSE,Missingness
Q9UQN3,CHMP2B,Charged multivesicular body protein 2b,TRUE,FALSE,Missingness
Q9Y5R8,TRAPPC1,Trafficking protein particle complex subunit 1,TRUE,FALSE,Missingness
P10109,FDX1,"Adrenodoxin, mitochondrial",TRUE,FALSE,Missingness
Q15165,PON2,Serum paraoxonase/arylesterase 2,TRUE,FALSE,Missingness
P20338,RAB4A,Ras-related protein Rab-4A,TRUE,FALSE,Missingness
P49356,FNTB,Protein farnesyltransferase subunit beta,TRUE,FALSE,Missingness
Q96EM0,L3HYPDH,Trans-3-hydroxy-L-proline dehydratase,TRUE,FALSE,Missingness
O00203,AP3B1,AP-3 complex subunit beta-1,TRUE,FALSE,Missingness
O95630,STAMBP,STAM-binding protein,TRUE,FALSE,Missingness
Q7Z4G1,COMMD6,COMM domain-containing protein 6,TRUE,FALSE,Missingness
Q9Y3D3,MRPS16,"28S ribosomal protein S16, mitochondrial",TRUE,FALSE,Missingness
Q86U42,PABPN1,Polyadenylate-binding protein 2,TRUE,FALSE,Missingness
Q14693,LPIN1,Phosphatidate phosphatase LPIN1,TRUE,FALSE,Missingness
P62995,TRA2B,Transformer-2 protein homolog beta,TRUE,FALSE,Missingness
Q9NZJ9,NUDT4,Diphosphoinositol polyphosphate phosphohydrolase 2,TRUE,FALSE,Missingness
P34741,SDC2,Syndecan-2,TRUE,FALSE,Missingness
Q96AP7,ESAM,Endothelial cell-selective adhesion molecule,TRUE,FALSE,Missingness
P00813,ADA,Adenosine deaminase,TRUE,FALSE,Missingness
P49746,THBS3,Thrombospondin-3,TRUE,FALSE,Missingness
Q13033,STRN3,Striatin-3,TRUE,FALSE,Missingness
Q7L592,NDUFAF7,"Protein arginine methyltransferase NDUFAF7, mitochondrial",TRUE,FALSE,Missingness
Q9H9A6,LRRC40,Leucine-rich repeat-containing protein 40,TRUE,FALSE,Missingness
Q9BT73,PSMG3,Proteasome assembly chaperone 3,TRUE,FALSE,Missingness
P50402,EMD,Emerin,TRUE,FALSE,Missingness
P01601,IGKV1D-16,Immunoglobulin kappa variable 1D-16,FALSE,FALSE,Contaminant
Q5JSH3,WDR44,WD repeat-containing protein 44,TRUE,FALSE,Missingness
P78318,IGBP1,Immunoglobulin-binding protein 1,TRUE,FALSE,Missingness
P17252,PRKCA,Protein kinase C alpha type,TRUE,FALSE,Missingness
Q9NVA1,UQCC1,Ubiquinol-cytochrome-c reductase complex assembly factor 1,TRUE,FALSE,Missingness
O96033,MOCS2,Molybdopterin synthase sulfur carrier subunit,FALSE,FALSE,Contaminant
P51398,DAP3,"28S ribosomal protein S29, mitochondrial",TRUE,FALSE,Missingness
Q9Y3B7,MRPL11,"39S ribosomal protein L11, mitochondrial",TRUE,FALSE,Missingness
Q5R3I4,TTC38,Tetratricopeptide repeat protein 38,TRUE,FALSE,Missingness
P78527,PRKDC,DNA-dependent protein kinase catalytic subunit,TRUE,FALSE,Missingness
Q9Y5K8,ATP6V1D,V-type proton ATPase subunit D,TRUE,FALSE,Missingness
O43251,RBFOX2,RNA binding protein fox-1 homolog 2,TRUE,FALSE,Missingness
Q7L775,EPM2AIP1,EPM2A-interacting protein 1,TRUE,FALSE,Missingness
Q9NUQ7,UFSP2,Ufm1-specific protease 2,TRUE,FALSE,Missingness
Q68CZ2,TNS3,Tensin-3,TRUE,FALSE,Missingness
P25686,DNAJB2,DnaJ homolog subfamily B member 2,TRUE,FALSE,Missingness
A6NHX0,CASTOR2,Cytosolic arginine sensor for mTORC1 subunit 2,TRUE,FALSE,Missingness
O94832,MYO1D,Unconventional myosin-Id,TRUE,FALSE,Missingness
Q9Y2R9,MRPS7,"28S ribosomal protein S7, mitochondrial",TRUE,FALSE,Missingness
P31146,CORO1A,Coronin-1A,TRUE,FALSE,Missingness
Q9Y2S7,POLDIP2,Polymerase delta-interacting protein 2,TRUE,FALSE,Missingness
P10398,ARAF,Serine/threonine-protein kinase A-Raf,TRUE,FALSE,Missingness
P82933,MRPS9,"28S ribosomal protein S9, mitochondrial",TRUE,FALSE,Missingness
Q5T4S7,UBR4,E3 ubiquitin-protein ligase UBR4,TRUE,FALSE,Missingness
Q13445,TMED1,Transmembrane emp24 domain-containing protein 1,TRUE,FALSE,Missingness
Q9HD33,MRPL47,"39S ribosomal protein L47, mitochondrial",TRUE,FALSE,Missingness
P47895,ALDH1A3,Aldehyde dehydrogenase family 1 member A3,TRUE,FALSE,Missingness
Q01813,PFKP,"ATP-dependent 6-phosphofructokinase, platelet type",TRUE,FALSE,Missingness
P41252,IARS1,"Isoleucine--tRNA ligase, cytoplasmic",TRUE,FALSE,Missingness
Q99417,MYCBP,c-Myc-binding protein,TRUE,FALSE,Missingness
P48454,PPP3CC,Serine/threonine-protein phosphatase 2B catalytic subunit gamma isoform,TRUE,FALSE,Missingness
Q93062,RBPMS,RNA-binding protein with multiple splicing,TRUE,FALSE,Missingness
Q9Y4X5,ARIH1,E3 ubiquitin-protein ligase ARIH1,TRUE,FALSE,Missingness
Q14444,CAPRIN1,Caprin-1,TRUE,FALSE,Missingness
Q14CX7,NAA25,"N-alpha-acetyltransferase 25, NatB auxiliary subunit",TRUE,FALSE,Missingness
Q8N126,CADM3,Cell adhesion molecule 3,TRUE,FALSE,Missingness
Q9Y3S2,ZNF330,Zinc finger protein 330,TRUE,FALSE,Missingness
Q8NB37,GATD1,Glutamine amidotransferase-like class 1 domain-containing protein 1,TRUE,FALSE,Missingness
O15533,TAPBP,Tapasin,TRUE,FALSE,Missingness
O15230,LAMA5,Laminin subunit alpha-5,TRUE,FALSE,Missingness
Q9P0I2,EMC3,ER membrane protein complex subunit 3,TRUE,FALSE,Missingness
Q8N163,CCAR2,Cell cycle and apoptosis regulator protein 2,TRUE,FALSE,Missingness
Q9UPR0,PLCL2,Inactive phospholipase C-like protein 2,TRUE,FALSE,Missingness
P34096,RNASE4,Ribonuclease 4,TRUE,FALSE,Missingness
Q13435,SF3B2,Splicing factor 3B subunit 2,TRUE,FALSE,Missingness
Q9Y676,MRPS18B,"28S ribosomal protein S18b, mitochondrial",TRUE,FALSE,Missingness
Q8IYB8,SUPV3L1,"ATP-dependent RNA helicase SUPV3L1, mitochondrial",TRUE,FALSE,Missingness
Q86VS8,HOOK3,Protein Hook homolog 3,TRUE,FALSE,Missingness
P46379,BAG6,Large proline-rich protein BAG6,TRUE,FALSE,Missingness
Q8IWB7,WDFY1,WD repeat and FYVE domain-containing protein 1,TRUE,FALSE,Missingness
Q96C86,DCPS,m7GpppX diphosphatase,TRUE,FALSE,Missingness
P13674,P4HA1,Prolyl 4-hydroxylase subunit alpha-1,TRUE,FALSE,Missingness
Q6ZMJ2,SCARA5,Scavenger receptor class A member 5,TRUE,FALSE,Missingness
Q8WU76,SCFD2,Sec1 family domain-containing protein 2,TRUE,FALSE,Missingness
Q5TAQ9,DCAF8,DDB1- and CUL4-associated factor 8,TRUE,FALSE,Missingness
Q9H3P7,ACBD3,Golgi resident protein GCP60,TRUE,FALSE,Missingness
Q9BUP0,EFHD1,EF-hand domain-containing protein D1,TRUE,FALSE,Missingness
Q9Y5A7,NUB1,NEDD8 ultimate buster 1,TRUE,FALSE,Missingness
Q5TEU4,NDUFAF5,"Arginine-hydroxylase NDUFAF5, mitochondrial",TRUE,FALSE,Missingness
Q14318,FKBP8,Peptidyl-prolyl cis-trans isomerase FKBP8,TRUE,FALSE,Missingness
Q04756,HGFAC,Hepatocyte growth factor activator,FALSE,FALSE,Contaminant
P22413,ENPP1,Ectonucleotide pyrophosphatase/phosphodiesterase family member 1,TRUE,FALSE,Missingness
P16333,NCK1,Cytoplasmic protein NCK1,TRUE,FALSE,Missingness
P04278,SHBG,Sex hormone-binding globulin,FALSE,FALSE,Contaminant
P84085,ARF5,ADP-ribosylation factor 5,TRUE,FALSE,Missingness
Q9BV20,MRI1,Methylthioribose-1-phosphate isomerase,TRUE,FALSE,Missingness
P07711,CTSL,Cathepsin L1,TRUE,FALSE,Missingness
Q53HC9,EIPR1,EARP and GARP complex-interacting protein 1,TRUE,FALSE,Missingness
Q9Y3E1,HDGFL3,Hepatoma-derived growth factor-related protein 3,TRUE,FALSE,Missingness
O60669,SLC16A7,Monocarboxylate transporter 2,TRUE,FALSE,Missingness
A0A0A0MS14,IGHV1-45,Immunoglobulin heavy variable 1-45,FALSE,FALSE,Contaminant
Q96GC5,MRPL48,"39S ribosomal protein L48, mitochondrial",TRUE,FALSE,Missingness
O75884,RBBP9,Serine hydrolase RBBP9,TRUE,FALSE,Missingness
Q13685,AAMP,Angio-associated migratory cell protein,TRUE,FALSE,Missingness
Q9H488,POFUT1,GDP-fucose protein O-fucosyltransferase 1,TRUE,FALSE,Missingness
Q7Z2W9,MRPL21,"39S ribosomal protein L21, mitochondrial",TRUE,FALSE,Missingness
A0A075B6S6,IGKV2D-30,Immunoglobulin kappa variable 2D-30,FALSE,FALSE,Contaminant
P15289,ARSA,Arylsulfatase A,TRUE,FALSE,Missingness
Q5VVQ6,YOD1,Ubiquitin thioesterase OTU1,TRUE,FALSE,Missingness
Q6NW29,RWDD4,RWD domain-containing protein 4,TRUE,FALSE,Missingness
Q5MNZ9,WIPI1,WD repeat domain phosphoinositide-interacting protein 1,TRUE,FALSE,Missingness
P48740,MASP1,Mannan-binding lectin serine protease 1,TRUE,FALSE,Missingness
O76076,CCN5,CCN family member 5,TRUE,FALSE,Missingness
Q96EY7,PTCD3,"Pentatricopeptide repeat domain-containing protein 3, mitochondrial",TRUE,FALSE,Missingness
Q07699,SCN1B,Sodium channel subunit beta-1,TRUE,FALSE,Missingness
O14562,UBFD1,Ubiquitin domain-containing protein UBFD1,TRUE,FALSE,Missingness
P49406,MRPL19,"39S ribosomal protein L19, mitochondrial",TRUE,FALSE,Missingness
Q13620,CUL4B,Cullin-4B,TRUE,FALSE,Missingness
O94788,ALDH1A2,Retinal dehydrogenase 2,TRUE,FALSE,Missingness
Q9NS69,TOMM22,Mitochondrial import receptor subunit TOM22 homolog,TRUE,FALSE,Missingness
O14657,TOR1B,Torsin-1B,TRUE,FALSE,Missingness
A8MSI8,LYRM9,LYR motif-containing protein 9,TRUE,FALSE,Missingness
P52594,AGFG1,Arf-GAP domain and FG repeat-containing protein 1,TRUE,FALSE,Missingness
Q6P1L8,MRPL14,"39S ribosomal protein L14, mitochondrial",TRUE,FALSE,Missingness
P50336,PPOX,Protoporphyrinogen oxidase,TRUE,FALSE,Missingness
Q15382,RHEB,GTP-binding protein Rheb,TRUE,FALSE,Missingness
Q66K74,MAP1S,Microtubule-associated protein 1S,TRUE,FALSE,Missingness
Q9GZT4,SRR,Serine racemase,TRUE,FALSE,Missingness
O94966,USP19,Ubiquitin carboxyl-terminal hydrolase 19,TRUE,FALSE,Missingness
P57772,EEFSEC,Selenocysteine-specific elongation factor,TRUE,FALSE,Missingness
Q9Y5Y2,NUBP2,Cytosolic Fe-S cluster assembly factor NUBP2,TRUE,FALSE,Missingness
P30047,GCHFR,GTP cyclohydrolase 1 feedback regulatory protein,TRUE,FALSE,Missingness
P24311,COX7B,"Cytochrome c oxidase subunit 7B, mitochondrial",TRUE,FALSE,Missingness
Q9BSH5,HDHD3,Haloacid dehalogenase-like hydrolase domain-containing protein 3,TRUE,FALSE,Missingness
Q15637,SF1,Splicing factor 1,TRUE,FALSE,Missingness
Q9NVS2,MRPS18A,"39S ribosomal protein S18a, mitochondrial",TRUE,FALSE,Missingness
Q16822,PCK2,"Phosphoenolpyruvate carboxykinase [GTP], mitochondrial",TRUE,FALSE,Missingness
O75190,DNAJB6,DnaJ homolog subfamily B member 6,TRUE,FALSE,Missingness
Q969Z0,TBRG4,FAST kinase domain-containing protein 4,TRUE,FALSE,Missingness
Q96DV4,MRPL38,"39S ribosomal protein L38, mitochondrial",TRUE,FALSE,Missingness
Q15599,SLC9A3R2,Na(+)/H(+) exchange regulatory cofactor NHE-RF2,TRUE,FALSE,Missingness
Q9Y5S9,RBM8A,RNA-binding protein 8A,TRUE,FALSE,Missingness
O95749,GGPS1,Geranylgeranyl pyrophosphate synthase,TRUE,FALSE,Missingness
O14672,ADAM10,Disintegrin and metalloproteinase domain-containing protein 10,TRUE,FALSE,Missingness
Q8WXX5,DNAJC9,DnaJ homolog subfamily C member 9,TRUE,FALSE,Missingness
O00418,EEF2K,Eukaryotic elongation factor 2 kinase,TRUE,FALSE,Missingness
P28330,ACADL,"Long-chain specific acyl-CoA dehydrogenase, mitochondrial",TRUE,FALSE,Missingness
Q04695,KRT17,"Keratin, type I cytoskeletal 17",FALSE,FALSE,Contaminant
O95487,SEC24B,Protein transport protein Sec24B,TRUE,FALSE,Missingness
P10415,BCL2,Apoptosis regulator Bcl-2,TRUE,FALSE,Missingness
Q05519,SRSF11,Serine/arginine-rich splicing factor 11,TRUE,FALSE,Missingness
P22748,CA4,Carbonic anhydrase 4,TRUE,FALSE,Missingness
Q9Y6X5,ENPP4,Bis(5'-adenosyl)-triphosphatase ENPP4,TRUE,FALSE,Missingness
O95352,ATG7,Ubiquitin-like modifier-activating enzyme ATG7,TRUE,FALSE,Missingness
Q13370,PDE3B,"cGMP-inhibited 3',5'-cyclic phosphodiesterase B",FALSE,FALSE,Contaminant
P49903,SEPHS1,"Selenide, water dikinase 1",TRUE,FALSE,Missingness
P25774,CTSS,Cathepsin S,TRUE,FALSE,Missingness
Q86WR0,CCDC25,Coiled-coil domain-containing protein 25,TRUE,FALSE,Missingness
P01112,HRAS,GTPase HRas,TRUE,FALSE,Missingness
P56192,MARS1,"Methionine--tRNA ligase, cytoplasmic",TRUE,FALSE,Missingness
Q9Y365,STARD10,START domain-containing protein 10,TRUE,FALSE,Missingness
P61966,AP1S1,AP-1 complex subunit sigma-1A,TRUE,FALSE,Missingness
Q6PGP7,TTC37,Tetratricopeptide repeat protein 37,TRUE,FALSE,Missingness
Q9UQ49,NEU3,Sialidase-3,TRUE,FALSE,Missingness
Q8WUR7,C15orf40,UPF0235 protein C15orf40,TRUE,FALSE,Missingness
Q8N1F7,NUP93,Nuclear pore complex protein Nup93,TRUE,FALSE,Missingness
P27708,CAD,CAD protein,TRUE,FALSE,Missingness
Q9NQG5,RPRD1B,Regulation of nuclear pre-mRNA domain-containing protein 1B,TRUE,FALSE,Missingness
P35442,THBS2,Thrombospondin-2,TRUE,FALSE,Missingness
Q9UHD1,CHORDC1,Cysteine and histidine-rich domain-containing protein 1,TRUE,FALSE,Missingness
Q9HAV0,GNB4,Guanine nucleotide-binding protein subunit beta-4,TRUE,FALSE,Missingness
Q15286,RAB35,Ras-related protein Rab-35,TRUE,FALSE,Missingness
Q9Y4P1,ATG4B,Cysteine protease ATG4B,TRUE,FALSE,Missingness
Q4U2R6,MRPL51,"39S ribosomal protein L51, mitochondrial",TRUE,FALSE,Missingness
Q9GZY8,MFF,Mitochondrial fission factor,TRUE,FALSE,Missingness
Q8N0U4,FAM185A,Protein FAM185A,TRUE,FALSE,Missingness
Q9NZB2,FAM120A,Constitutive coactivator of PPAR-gamma-like protein 1,TRUE,FALSE,Missingness
O75027,ABCB7,"ATP-binding cassette sub-family B member 7, mitochondrial",TRUE,FALSE,Missingness
P07947,YES1,Tyrosine-protein kinase Yes,TRUE,FALSE,Missingness
Q7L523,RRAGA,Ras-related GTP-binding protein A,TRUE,FALSE,Missingness
O95671,ASMTL,Probable bifunctional dTTP/UTP pyrophosphatase/methyltransferase protein,TRUE,FALSE,Missingness
Q32MK0,MYLK3,Myosin light chain kinase 3,TRUE,FALSE,Missingness
Q9Y399,MRPS2,"28S ribosomal protein S2, mitochondrial",TRUE,FALSE,Missingness
Q8TCZ2,CD99L2,CD99 antigen-like protein 2,TRUE,FALSE,Missingness
O14548,COX7A2L,"Cytochrome c oxidase subunit 7A-related protein, mitochondrial",TRUE,FALSE,Missingness
P35222,CTNNB1,Catenin beta-1,TRUE,FALSE,Missingness
Q8N2F6,ARMC10,Armadillo repeat-containing protein 10,TRUE,FALSE,Missingness
Q8WXF1,PSPC1,Paraspeckle component 1,TRUE,FALSE,Missingness
Q7Z460,CLASP1,CLIP-associating protein 1,TRUE,FALSE,Missingness
P00414,MT-CO3,Cytochrome c oxidase subunit 3,TRUE,FALSE,Missingness
P15153,RAC2,Ras-related C3 botulinum toxin substrate 2,TRUE,FALSE,Missingness
Q06210,GFPT1,Glutamine--fructose-6-phosphate aminotransferase [isomerizing] 1,TRUE,FALSE,Missingness
P51608,MECP2,Methyl-CpG-binding protein 2,TRUE,FALSE,Missingness
Q13232,NME3,Nucleoside diphosphate kinase 3,TRUE,FALSE,Missingness
Q86Y56,DNAAF5,"Dynein assembly factor 5, axonemal",TRUE,FALSE,Missingness
P51808,DYNLT3,Dynein light chain Tctex-type 3,TRUE,FALSE,Missingness
P49590,HARS2,"Histidine--tRNA ligase, mitochondrial",TRUE,FALSE,Missingness
Q92995,USP13,Ubiquitin carboxyl-terminal hydrolase 13,TRUE,FALSE,Missingness
Q9BV57,ADI1,"1,2-dihydroxy-3-keto-5-methylthiopentene dioxygenase",TRUE,FALSE,Missingness
A0A0U1RRL7,MMP24OS,Protein MMP24OS,TRUE,FALSE,Missingness
O75764,TCEA3,Transcription elongation factor A protein 3,TRUE,FALSE,Missingness
Q63HQ2,EGFLAM,Pikachurin,TRUE,FALSE,Missingness
Q8TC12,RDH11,Retinol dehydrogenase 11,TRUE,FALSE,Missingness
P07311,ACYP1,Acylphosphatase-1,TRUE,FALSE,Missingness
O95425,SVIL,Supervillin,TRUE,FALSE,Missingness
P53367,ARFIP1,Arfaptin-1,TRUE,FALSE,Missingness
P17812,CTPS1,CTP synthase 1,TRUE,FALSE,Missingness
P84022,SMAD3,Mothers against decapentaplegic homolog 3,TRUE,FALSE,Missingness
P54108,CRISP3,Cysteine-rich secretory protein 3,FALSE,FALSE,Contaminant
P36551,CPOX,"Oxygen-dependent coproporphyrinogen-III oxidase, mitochondrial",TRUE,FALSE,Missingness
P04156,PRNP,Major prion protein,TRUE,FALSE,Missingness
O43847,NRDC,Nardilysin,TRUE,FALSE,Missingness
Q8N766,EMC1,ER membrane protein complex subunit 1,TRUE,FALSE,Missingness
Q9NX55,HYPK,Huntingtin-interacting protein K,TRUE,FALSE,Missingness
Q9P015,MRPL15,"39S ribosomal protein L15, mitochondrial",TRUE,FALSE,Missingness
Q15006,EMC2,ER membrane protein complex subunit 2,TRUE,FALSE,Missingness
Q9ULP9,TBC1D24,TBC1 domain family member 24,TRUE,FALSE,Missingness
Q96RL7,VPS13A,Vacuolar protein sorting-associated protein 13A,TRUE,FALSE,Missingness
Q9BQE5,APOL2,Apolipoprotein L2,TRUE,FALSE,Missingness
O75170,PPP6R2,Serine/threonine-protein phosphatase 6 regulatory subunit 2,TRUE,FALSE,Missingness
Q9UH62,ARMCX3,Armadillo repeat-containing X-linked protein 3,TRUE,FALSE,Missingness
P52306,RAP1GDS1,Rap1 GTPase-GDP dissociation stimulator 1,TRUE,FALSE,Missingness
O75116,ROCK2,Rho-associated protein kinase 2,TRUE,FALSE,Missingness
P80188,LCN2,Neutrophil gelatinase-associated lipocalin,TRUE,FALSE,Missingness
O60716,CTNND1,Catenin delta-1,TRUE,FALSE,Missingness
P20290,BTF3,Transcription factor BTF3,TRUE,FALSE,Missingness
A2RTX5,TARS3,"Threonine--tRNA ligase 2, cytoplasmic",TRUE,FALSE,Missingness
Q9Y2E4,DIP2C,Disco-interacting protein 2 homolog C,TRUE,FALSE,Missingness
P22694,PRKACB,cAMP-dependent protein kinase catalytic subunit beta,TRUE,FALSE,Missingness
P52789,HK2,Hexokinase-2,TRUE,FALSE,Missingness
Q9NYK5,MRPL39,"39S ribosomal protein L39, mitochondrial",TRUE,FALSE,Missingness
Q9NX47,MARCHF5,E3 ubiquitin-protein ligase MARCHF5,TRUE,FALSE,Missingness
Q9Y5J9,TIMM8B,Mitochondrial import inner membrane translocase subunit Tim8 B,TRUE,FALSE,Missingness
Q9BUE6,ISCA1,"Iron-sulfur cluster assembly 1 homolog, mitochondrial",TRUE,FALSE,Missingness
Q15126,PMVK,Phosphomevalonate kinase,TRUE,FALSE,Missingness
P29762,CRABP1,Cellular retinoic acid-binding protein 1,FALSE,FALSE,Contaminant
Q969Q5,RAB24,Ras-related protein Rab-24,TRUE,FALSE,Missingness
Q96ND0,FAM210A,Protein FAM210A,TRUE,FALSE,Missingness
Q92896,GLG1,Golgi apparatus protein 1,TRUE,FALSE,Missingness
Q13501,SQSTM1,Sequestosome-1,TRUE,FALSE,Missingness
Q9Y6G3,MRPL42,"39S ribosomal protein L42, mitochondrial",TRUE,FALSE,Missingness
O60271,SPAG9,C-Jun-amino-terminal kinase-interacting protein 4,TRUE,FALSE,Missingness
Q8TEB1,DCAF11,DDB1- and CUL4-associated factor 11,TRUE,FALSE,Missingness
Q7Z3Z0,KRT25,"Keratin, type I cytoskeletal 25",FALSE,FALSE,Contaminant
Q9BUH6,PAXX,Protein PAXX,TRUE,FALSE,Missingness
P56945,BCAR1,Breast cancer anti-estrogen resistance protein 1,TRUE,FALSE,Missingness
O95295,SNAPIN,SNARE-associated protein Snapin,TRUE,FALSE,Missingness
Q9NPF4,OSGEP,Probable tRNA N6-adenosine threonylcarbamoyltransferase,TRUE,FALSE,Missingness
O96005,CLPTM1,Cleft lip and palate transmembrane protein 1,TRUE,FALSE,Missingness
Q8TCC3,MRPL30,"39S ribosomal protein L30, mitochondrial",TRUE,FALSE,Missingness
Q99622,C12orf57,Protein C10,TRUE,FALSE,Missingness
Q86TU7,SETD3,Actin-histidine N-methyltransferase,TRUE,FALSE,Missingness
Q8IYQ7,THNSL1,Threonine synthase-like 1,TRUE,FALSE,Missingness
Q8WUK0,PTPMT1,Phosphatidylglycerophosphatase and protein-tyrosine phosphatase 1,TRUE,FALSE,Missingness
O15126,SCAMP1,Secretory carrier-associated membrane protein 1,TRUE,FALSE,Missingness
P41219,PRPH,Peripherin,FALSE,FALSE,Contaminant
P14209,CD99,CD99 antigen,TRUE,FALSE,Missingness
P53609,PGGT1B,Geranylgeranyl transferase type-1 subunit beta,TRUE,FALSE,Missingness
O15247,CLIC2,Chloride intracellular channel protein 2,TRUE,FALSE,Missingness
Q9NQ88,TIGAR,"Fructose-2,6-bisphosphatase TIGAR",TRUE,FALSE,Missingness
Q16186,ADRM1,Proteasomal ubiquitin receptor ADRM1,TRUE,FALSE,Missingness
P52434,POLR2H,"DNA-directed RNA polymerases I, II, and III subunit RPABC3",TRUE,FALSE,Missingness
Q5EBM0,CMPK2,"UMP-CMP kinase 2, mitochondrial",FALSE,FALSE,Contaminant
Q96LW7,CARD19,Caspase recruitment domain-containing protein 19,TRUE,FALSE,Missingness
P40855,PEX19,Peroxisomal biogenesis factor 19,TRUE,FALSE,Missingness
Q7Z2W4,ZC3HAV1,Zinc finger CCCH-type antiviral protein 1,TRUE,FALSE,Missingness
O95396,MOCS3,Adenylyltransferase and sulfurtransferase MOCS3,TRUE,FALSE,Missingness
Q96B36,AKT1S1,Proline-rich AKT1 substrate 1,TRUE,FALSE,Missingness
Q9UHD9,UBQLN2,Ubiquilin-2,TRUE,FALSE,Missingness
Q9UI10,EIF2B4,Translation initiation factor eIF-2B subunit delta,TRUE,FALSE,Missingness
Q15796,SMAD2,Mothers against decapentaplegic homolog 2,TRUE,FALSE,Missingness
Q15477,SKIV2L,Helicase SKI2W,TRUE,FALSE,Missingness
Q16537,PPP2R5E,Serine/threonine-protein phosphatase 2A 56 kDa regulatory subunit epsilon isoform,TRUE,FALSE,Missingness
Q9UL15,BAG5,BAG family molecular chaperone regulator 5,TRUE,FALSE,Missingness
Q6PJW8,CNST,Consortin,TRUE,FALSE,Missingness
P38919,EIF4A3,Eukaryotic initiation factor 4A-III,TRUE,FALSE,Missingness
O96011,PEX11B,Peroxisomal membrane protein 11B,TRUE,FALSE,Missingness
